Point_ID,Line_ID,Station,Date_Time,Latitude,Longitude,Easting_km_local,Northing_km_local,Elevation_m,Survey_Template,Mag_Raw_TMI_nT,Mag_Base_Station_nT,Mag_Diurnal_Correction_nT,Mag_IGRF_Reference_nT,Mag_Heading_Correction_nT,Mag_Leveling_Correction_nT,Mag_Anomaly_nT,GPS_Altitude_m,Sensor_Height_m,Heading_deg,Lag_Correction_nT,Quality_Flag
SYN00000,L001,0,2026-01-15 00:00:00,29.91001971786658,30.89597292447034,-10.0,-9.987811316809823,86.70469102644348,Airborne Magnetic,40964.45884676885,40965.01218868319,0.0,41000.0,1.34970632606319,-2.3007921073742064,-37.84194533852241,577.7276088648841,30.0,92.5,0.0,GOOD
SYN00001,L001,1,2026-01-15 00:00:15,29.909535140862616,30.91083393526029,-8.571428571428571,-10.04159936424962,89.04556604489528,Airborne Magnetic,40971.191674098765,40968.529829207175,1.0496370712668104,41000.0,1.34970632606319,-2.3007921073742064,-32.15875507987329,576.4337594579665,30.0,92.5,0.052438385764853476,GOOD
SYN00002,L001,2,2026-01-15 00:00:30,29.910180342773263,30.925694946050243,-7.142857142857142,-9.96998195216774,88.75975459428773,Airborne Magnetic,40974.36524659109,40972.172875190685,2.0929084562336153,41000.0,1.34970632606319,-2.3007921073742064,-30.02845397251184,574.1048461816999,30.0,92.5,0.10429839973464149,GOOD
SYN00003,L001,3,2026-01-15 00:00:45,29.91024885215005,30.940555956840193,-5.714285714285714,-9.96237741134435,92.4301785565547,Airborne Magnetic,40979.87027180488,40975.75190830294,3.1235042996572826,41000.0,1.34970632606319,-2.3007921073742064,-25.554024602149354,577.5816324109728,30.0,92.5,0.1550080492949016,GOOD
SYN00004,L001,4,2026-01-15 00:01:00,29.909206834166252,30.955416967630146,-4.285714285714286,-10.078041407546154,92.69116756774001,Airborne Magnetic,40988.83375111196,40979.20767287817,4.135225832294488,41000.0,1.34970632606319,-2.3007921073742064,-17.602266827708434,579.522885057319,30.0,92.5,0.2040080298328865,GOOD
SYN00005,L001,5,2026-01-15 00:01:15,29.909440656033563,30.970277978420096,-2.8571428571428568,-10.052087180274492,91.2334692215853,Airborne Magnetic,40988.9175373912,40982.80505567687,5.122039479861575,41000.0,1.34970632606319,-2.3007921073742064,-18.505294196032253,581.4073007639075,30.0,92.5,0.2507578936157271,GOOD
SYN00006,L001,6,2026-01-15 00:01:30,29.909955978523662,30.98513898921005,-1.4285714285714288,-9.99488638387331,97.91152813408317,Airborne Magnetic,40994.82600766506,40986.4336850447,6.0781292685632184,41000.0,1.34970632606319,-2.3007921073742064,-13.552913710876226,592.667546012053,30.0,92.5,0.29474201068569744,GOOD
SYN00007,L001,7,2026-01-15 00:01:45,29.909795948615372,31.0,0.0,-10.012649703693743,99.65851555554912,Airborne Magnetic,40997.93615671006,40989.98735029631,6.997946988202592,41000.0,1.34970632606319,-2.3007921073742064,-11.36258238551926,599.6585155555491,30.0,92.5,0.335475256026589,GOOD
SYN00008,L001,8,2026-01-15 00:02:00,29.90990385543874,31.01486101078995,1.4285714285714288,-10.000672046300172,104.91711752142257,Airborne Magnetic,41002.86674450885,40993.57075652513,7.8762595981837435,41000.0,1.34970632606319,-2.3007921073742064,-7.310307196706333,610.1610996434528,30.0,92.5,0.3725083602743084,GOOD
SYN00009,L001,9,2026-01-15 00:02:15,29.909602506692767,31.029722021579904,2.8571428571428577,-10.034121757102943,112.66214892113715,Airborne Magnetic,41006.445384405335,40997.10873538575,8.708193391585088,41000.0,1.34970632606319,-2.3007921073742064,-4.563601093622481,622.4883173788149,30.0,92.5,0.4054328649557698,GOOD
SYN00010,L001,10,2026-01-15 00:02:30,29.91022681008103,31.044583032369854,4.2857142857142865,-9.964824081005487,114.05402253404299,Airborne Magnetic,41011.05719432856,41000.74946163328,9.489274467593658,41000.0,1.34970632606319,-2.3007921073742064,-0.7328722464091579,627.2223050444641,30.0,92.5,0.433885627602026,GOOD
SYN00011,L001,11,2026-01-15 00:02:45,29.910190195292046,31.059444043159807,5.714285714285715,-9.968888322582842,113.79950604836685,Airborne Magnetic,41016.91303084405,41004.316825963135,10.21546510255723,41000.0,1.34970632606319,-2.3007921073742064,4.396773634120848,628.6480521939487,30.0,92.5,0.4575528270462682,GOOD
SYN00012,L001,12,2026-01-15 00:03:00,29.90993370475588,31.074305053949757,7.142857142857142,-9.99735877209755,114.70801679514707,Airborne Magnetic,41022.82940013095,41007.85978408505,10.883195654297227,41000.0,1.34970632606319,-2.3007921073742064,9.645412369273629,629.3629252077349,30.0,92.5,0.4761734247300611,GOOD
SYN00013,L001,13,2026-01-15 00:03:15,29.910316122957465,31.08916606473971,8.571428571428573,-9.954910351721278,117.36179427098607,Airborne Magnetic,41024.654626440555,41011.47366107685,11.489391682641925,41000.0,1.34970632606319,-2.3007921073742064,10.864442650540525,629.9736008579148,30.0,92.5,0.48954204384116146,GOOD
SYN00014,L001,14,2026-01-15 00:03:30,29.910078381744956,31.10402707552966,10.0,-9.981299626309918,114.4747087484079,Airborne Magnetic,41029.62373907112,41015.018700373694,12.031496020856753,41000.0,1.34970632606319,-2.3007921073742064,15.291450942887252,623.4517909099673,30.0,92.5,0.49751123452732726,GOOD
SYN00015,L002,15,2026-01-15 00:03:45,29.919083422346233,30.89597292447034,-10.0,-8.981740119567961,85.54249834721226,Airborne Magnetic,40978.630834395044,40966.01825988043,12.507485587199026,41000.0,2.6302268807344644,1.2957420205472825,-32.580909171609434,576.5654161856529,30.0,95.0,0.49999310020182824,GOOD
SYN00016,L002,16,2026-01-15 00:04:00,29.91952596045325,30.91083393526029,-8.571428571428571,-8.932618389689331,87.10529460615106,Airborne Magnetic,40985.002263445014,40969.638810181736,12.915882782609318,41000.0,2.6302268807344644,1.2957420205472825,-26.61787731704889,574.4934880192224,30.0,95.0,0.49696026700323953,GOOD
SYN00017,L002,17,2026-01-15 00:04:15,29.919047534008236,30.925694946050243,-7.142857142857142,-8.985723725085792,89.3717890436222,Airborne Magnetic,40991.14729412283,40973.15713341777,13.255761378948524,41000.0,2.6302268807344644,1.2957420205472825,-20.8127252355719,574.7168806310344,30.0,95.0,0.48844618571681353,GOOD
SYN00018,L002,18,2026-01-15 00:04:30,29.919709635954952,30.940555956840193,-5.714285714285714,-8.91223040900034,89.79637978524117,Airborne Magnetic,40994.97002638437,40976.802055305285,13.52674686155746,41000.0,2.6302268807344644,1.2957420205472825,-17.260978456639616,574.9478336396593,30.0,95.0,0.47454476282737307,GOOD
SYN00019,L002,19,2026-01-15 00:04:45,29.91937508596854,30.955416967630146,-4.285714285714286,-8.949365457492082,86.42130397825574,Airborne Magnetic,40997.29131805516,40980.33634882823,13.729011249604131,41000.0,2.6302268807344644,1.2957420205472825,-15.141951173895263,573.2530214678347,30.0,95.0,0.4554093247730466,GOOD
SYN00020,L002,20,2026-01-15 00:05:00,29.91932646021987,30.970277978420096,-2.8571428571428568,-8.954762915594442,94.7668183380163,Airborne Magnetic,41002.50649540069,40983.90237994155,13.863262477037905,41000.0,2.6302268807344644,1.2957420205472825,-10.061025055804107,584.9406498803385,30.0,95.0,0.4312509268236602,GOOD
SYN00021,L002,21,2026-01-15 00:05:15,29.919147697271814,30.98513898921005,-1.4285714285714288,-8.97460560282879,97.98544547013583,Airborne Magnetic,41005.682841178634,40987.45396582574,13.930728475339773,41000.0,2.6302268807344644,1.2957420205472825,-6.952145276156711,592.7414633481056,30.0,95.0,0.4023360252360969,GOOD
SYN00022,L002,22,2026-01-15 00:05:30,29.919833632725172,31.0,0.0,-8.89846676750567,102.60747392424652,Airborne Magnetic,41012.065413988086,40991.1015332325,13.933136156004053,41000.0,2.6302268807344644,1.2957420205472825,-0.5719801473699537,602.6074739242465,30.0,95.0,0.36898353836170206,GOOD
SYN00023,L002,23,2026-01-15 00:05:45,29.91933739098797,31.01486101078995,1.4285714285714288,-8.953549600335384,108.97667208026458,Airborne Magnetic,41012.655821815344,40994.61787897109,13.872685545188158,41000.0,2.6302268807344644,1.2957420205472825,0.07887829070178287,614.2206542022948,30.0,95.0,0.3315613291203976,GOOD
SYN00024,L002,24,2026-01-15 00:06:00,29.919238724919467,31.029722021579904,2.8571428571428577,-8.964501533939156,105.29929145634145,Airborne Magnetic,41011.21102210738,40998.178355608914,13.752019374627318,41000.0,2.6302268807344644,1.2957420205472825,-1.245255246695064,615.1254599140193,30.0,95.0,0.29048214763823155,GOOD
SYN00025,L002,25,2026-01-15 00:06:15,29.919266182314665,31.044583032369854,4.2857142857142865,-8.96145376307216,111.39607399827872,Airborne Magnetic,41012.84652617083,41001.75283195121,13.574188481165235,41000.0,2.6302268807344644,1.2957420205472825,0.5680797102156301,624.5643565086998,30.0,95.0,0.24619907879924668,GOOD
SYN00026,L002,26,2026-01-15 00:06:30,29.919584900417743,31.059444043159807,5.714285714285715,-8.926076053630497,116.17061709732057,Airborne Magnetic,41008.59156579011,41005.35963823209,13.34261341157284,41000.0,2.6302268807344644,1.2957420205472825,-3.45530560091201,631.0191632429024,30.0,95.0,0.1992005449231207,GOOD
SYN00027,L002,27,2026-01-15 00:06:45,29.91952476884254,31.074305053949757,7.142857142857142,-8.932750658478069,113.35934110639609,Airborne Magnetic,41021.69013600014,41008.92439219866,13.061042669231862,41000.0,2.6302268807344644,1.2957420205472825,9.924835351461029,628.0142495189839,30.0,95.0,0.15000491868679425,GOOD
SYN00028,L002,28,2026-01-15 00:07:00,29.91954180976046,31.08916606473971,8.571428571428573,-8.930859116588792,120.04331793431406,Airborne Magnetic,41018.49203390803,41012.49771231198,12.733508074312963,41000.0,2.6302268807344644,1.2957420205472825,7.054267854260348,632.6551245212428,30.0,95.0,0.09915480570713843,GOOD
SYN00029,L002,29,2026-01-15 00:07:15,29.919548328099708,31.10402707552966,10.0,-8.930135580932317,117.43430946349595,Airborne Magnetic,41026.986458779786,41016.06986441907,12.36427773889894,41000.0,2.6302268807344644,1.2957420205472825,15.917923061436982,626.4113916250553,30.0,95.0,0.04721105984520132,GOOD
SYN00030,L003,30,2026-01-15 00:07:30,29.929648009566932,30.89597292447034,-10.0,-7.8090709380704455,88.34341303739272,Airborne Magnetic,40983.927641505725,40967.19092906193,11.957807182768134,41000.0,3.7759223462990246,-0.49278783468434084,-28.52295351173051,579.3663308758333,30.0,97.5,-0.00525340275946805,GOOD
SYN00031,L003,31,2026-01-15 00:07:45,29.92872978880396,30.91083393526029,-8.571428571428571,-7.910993442760648,85.13506335061925,Airborne Magnetic,40987.0808493566,40970.660435128666,11.51868913400015,41000.0,3.7759223462990246,-0.49278783468434084,-24.93062761208238,572.5232567636905,30.0,97.5,-0.05765992269599716,GOOD
SYN00032,L003,32,2026-01-15 00:08:00,29.928691652691278,30.925694946050243,-7.142857142857142,-7.915226551268125,88.47459291657769,Airborne Magnetic,40986.841783320495,40974.22763059159,11.051602570997225,41000.0,3.7759223462990246,-0.49278783468434084,-24.702607085184344,573.8196845039898,30.0,97.5,-0.10943047963506529,GOOD
SYN00033,L003,33,2026-01-15 00:08:15,29.928582993232116,30.940555956840193,-5.714285714285714,-7.927287751235179,90.51881142121734,Airborne Magnetic,40991.33608568267,40977.78699796305,10.561261568798837,41000.0,3.7759223462990246,-0.49278783468434084,-19.717963720815522,575.6702652756355,30.0,97.5,-0.1599940676329989,GOOD
SYN00034,L003,34,2026-01-15 00:08:30,29.92909821923241,30.955416967630146,-4.285714285714286,-7.870097665202244,91.2537854772683,Airborne Magnetic,40999.35393244931,40981.415616620514,10.052364512640738,41000.0,3.7759223462990246,-0.49278783468434084,-11.191219898011687,578.0855029668472,30.0,97.5,-0.20879299307034824,GOOD
SYN00035,L003,35,2026-01-15 00:08:45,29.92928308152796,30.970277978420096,-2.8571428571428568,-7.849577950396428,94.40584967231356,Airborne Magnetic,40998.55467938159,40985.00756490675,9.529544235577728,41000.0,3.7759223462990246,-0.49278783468434084,-11.467652688674198,584.5796812146358,30.0,97.5,-0.2552890257615189,GOOD
SYN00036,L003,36,2026-01-15 00:09:00,29.928835182518817,30.98513898921005,-1.4285714285714288,-7.899294740411459,98.16700262975066,Airborne Magnetic,41010.274736786865,40988.52927668816,8.997319624725037,41000.0,3.7759223462990246,-0.49278783468434084,0.7846293274578875,592.9230205077205,30.0,97.5,-0.29896933539148945,GOOD
SYN00037,L003,37,2026-01-15 00:09:15,29.928573485574923,31.0,0.0,-7.928343101183765,99.858978090758,Airborne Magnetic,41014.61868293849,40992.071656898814,8.460049222417808,41000.0,3.7759223462990246,-0.49278783468434084,5.665845881385403,599.858978090758,30.0,97.5,-0.339352147803386,GOOD
SYN00038,L003,38,2026-01-15 00:09:30,29.928579134317722,31.01486101078995,1.4285714285714288,-7.927716090732913,105.24402865456096,Airborne Magnetic,41017.50917237216,40995.6437124807,7.921887324548244,41000.0,3.7759223462990246,-0.49278783468434084,9.094497212930955,610.4880107765911,30.0,97.5,-0.3759920587506092,GOOD
SYN00039,L003,39,2026-01-15 00:09:45,29.929110692517188,31.029722021579904,2.8571428571428577,-7.868713130592275,108.90156526437686,Airborne Magnetic,41008.93333713147,40999.27414401226,7.386743048786736,41000.0,3.7759223462990246,-0.49278783468434084,1.0538062479991004,618.7277337220546,30.0,97.5,-0.408484946505221,GOOD
SYN00040,L003,40,2026-01-15 00:10:00,29.929144084006694,31.044583032369854,4.2857142857142865,-7.865006675257126,113.12577915980492,Airborne Magnetic,40994.865225677626,41002.84927903902,6.85824281065802,41000.0,3.7759223462990246,-0.49278783468434084,-12.485804967718641,626.2940616702259,30.0,97.5,-0.43647242913872797,GOOD
SYN00041,L003,41,2026-01-15 00:10:15,29.929071975933574,31.059444043159807,5.714285714285715,-7.873010671373056,116.77783986910298,Airborne Magnetic,40994.294102288164,41006.41270361435,6.339696605914731,41000.0,3.7759223462990246,-0.49278783468434084,-12.53838215243558,631.6263860146848,30.0,97.5,-0.45964581731346243,GOOD
SYN00042,L003,42,2026-01-15 00:10:30,29.928636421347775,31.074305053949757,7.142857142857142,-7.921357230396811,114.20317905573089,Airborne Magnetic,41007.77147407195,41009.935785626745,5.834068453769914,41000.0,3.7759223462990246,-0.49278783468434084,1.4446177834997889,628.8580874683187,30.0,97.5,-0.4777495189870516,GOOD
SYN00043,L003,43,2026-01-15 00:10:45,29.92895990640376,31.08916606473971,8.571428571428573,-7.885450389182595,116.63232003208665,Airborne Magnetic,41018.27821571299,41013.54312103939,5.343951307806556,41000.0,3.7759223462990246,-0.49278783468434084,12.441476570502354,629.2441266190154,30.0,97.5,-0.4905838584776157,GOOD
SYN00044,L003,44,2026-01-15 00:11:00,29.92891829360595,31.10402707552966,10.0,-7.890069409739635,119.45249409917405,Airborne Magnetic,41021.83386552599,41017.10993059026,4.871546690307456,41000.0,3.7759223462990246,-0.49278783468434084,16.469531000993822,628.4295762607334,30.0,97.5,-0.49800727879667434,GOOD
SYN00045,L004,45,2026-01-15 00:11:15,29.938438218745148,30.89597292447034,-10.0,-6.833357719288734,84.96792596432444,Airborne Magnetic,40976.80793075258,40968.16664228071,4.418649251911074,41000.0,4.7280645216403325,-0.09198651874327095,-27.70270501807396,575.9908438027651,30.0,100.0,-0.49993790295902224,GOOD
SYN00046,L004,46,2026-01-15 00:11:30,29.938673440432073,30.91083393526029,-8.571428571428571,-6.807248112039967,84.41170157293806,Airborne Magnetic,40979.33123338168,40971.76418045939,3.9866364024973264,41000.0,4.7280645216403325,-0.09198651874327095,-24.747389539564086,571.7998949860092,30.0,100.0,-0.496354437049027,GOOD
SYN00047,L004,47,2026-01-15 00:11:45,29.938439987016153,30.925694946050243,-7.142857142857142,-6.833161441206907,87.03526489829541,Airborne Magnetic,40987.6790981351,40975.309695701646,3.5764631016634447,41000.0,4.7280645216403325,-0.09198651874327095,-15.989351485307326,572.3803564857076,30.0,100.0,-0.4872964050829353,GOOD
SYN00048,L004,48,2026-01-15 00:12:00,29.938604065579863,30.940555956840193,-5.714285714285714,-6.8149487206350186,89.84817088408987,Airborne Magnetic,40991.79023142143,40978.89933699365,3.1886618387034638,41000.0,4.7280645216403325,-0.09198651874327095,-11.490416936020539,574.999624738508,30.0,100.0,-0.47286371307676167,GOOD
SYN00049,L004,49,2026-01-15 00:12:15,29.938383764861456,30.955416967630146,-4.285714285714286,-6.839402100378339,90.60474243515048,Airborne Magnetic,40995.37399045722,40982.44631218534,2.823347773304399,41000.0,4.7280645216403325,-0.09198651874327095,-7.541343834823111,577.4364599247294,30.0,100.0,-0.45321554712789386,GOOD
SYN00050,L004,50,2026-01-15 00:12:30,29.938463599214323,30.970277978420096,-2.8571428571428568,-6.830540487210295,96.39116157515294,Airborne Magnetic,40999.02187866455,40986.02660236994,2.4802289498692685,41000.0,4.7280645216403325,-0.09198651874327095,-3.5503368040634644,586.5649931174752,30.0,100.0,-0.42856861766408144,GOOD
SYN00051,L004,51,2026-01-15 00:12:45,29.938586903296176,30.98513898921005,-1.4285714285714288,-6.816853734124353,99.12341591506284,Airborne Magnetic,41013.66279729025,40989.611717694446,2.1586214411185143,41000.0,4.7280645216403325,-0.09198651874327095,11.412189330384662,593.8794337930327,30.0,100.0,-0.399194769224948,GOOD
SYN00052,L004,52,2026-01-15 00:13:00,29.93783431084728,31.0,0.0,-6.900391495952121,103.06371843297056,Airborne Magnetic,41041.41061898953,40993.099608504046,1.8574692210424009,41000.0,4.7280645216403325,-0.09198651874327095,39.46116324974277,603.0637184329705,30.0,100.0,-0.365417982139062,GOOD
SYN00053,L004,53,2026-01-15 00:13:15,29.9382442152089,31.01486101078995,1.4285714285714288,-6.854892111812187,106.43275422190572,Airborne Magnetic,41043.77954176423,40996.716536459615,1.5753685139939364,41000.0,4.7280645216403325,-0.09198651874327095,42.11218673148973,611.6767363439359,30.0,100.0,-0.32761079916672164,GOOD
SYN00054,L004,54,2026-01-15 00:13:30,29.93818990838442,31.029722021579904,2.8571428571428577,-6.8609201693296065,113.6603579377212,Airborne Magnetic,41001.271597186715,41000.28193697352,1.310596316315292,41000.0,4.7280645216403325,-0.09198651874327095,-0.13098564834659682,623.486526395399,30.0,100.0,-0.28619021652097126,GOOD
SYN00055,L004,55,2026-01-15 00:13:45,29.938129185792004,31.044583032369854,4.2857142857142865,-6.8676603770876286,111.74919879373195,Airborne Magnetic,40970.035815240655,41003.846625337195,1.0611427399397348,41000.0,4.7280645216403325,-0.09198651874327095,-31.117314018029777,624.917481304153,30.0,100.0,-0.24161308458703948,CHECK_OUTLIER
SYN00056,L004,56,2026-01-15 00:14:00,29.93826026168282,31.059444043159807,5.714285714285715,-6.853110953206962,110.56716684751615,Airborne Magnetic,40964.997399587366,41007.43260333251,0.824746784425737,41000.0,4.7280645216403325,-0.09198651874327095,-35.91933371580386,625.4157129930979,30.0,100.0,-0.19437106906819818,GOOD
SYN00057,L004,57,2026-01-15 00:14:15,29.938898129633255,31.074305053949757,7.142857142857142,-6.782307610708519,119.30095001878433,Airborne Magnetic,40983.34146148013,41011.074835246436,0.5989351053367544,41000.0,4.7280645216403325,-0.09198651874327095,-17.349460143949603,633.9558584313721,30.0,100.0,-0.14498522813432863,GOOD
SYN00058,L004,58,2026-01-15 00:14:30,29.93804740083076,31.08916606473971,8.571428571428573,-6.876738507785625,115.76519685453275,Airborne Magnetic,41010.53276041603,41014.551832920784,0.3810633132063591,41000.0,4.7280645216403325,-0.09198651874327095,10.059710584074436,628.3770034414615,30.0,100.0,-0.09400026538480906,GOOD
SYN00059,L004,59,2026-01-15 00:14:45,29.938708341180412,31.10402707552966,10.0,-6.8033741289742355,116.4880048363891,Airborne Magnetic,41021.80706681609,41018.19662587102,0.1683593088970039,41000.0,4.7280645216403325,-0.09198651874327095,21.54672098844743,625.4650869979484,30.0,100.0,-0.041978522012959915,GOOD
SYN00060,L005,60,2026-01-15 00:15:00,29.947236139864188,30.89597292447034,-10.0,-5.856788475075159,88.8788899428279,Airborne Magnetic,40971.386992096304,40969.143211524926,-0.042031861713332286,41000.0,5.437846722219899,-1.5793477660559234,-30.150323808040902,579.9018077812685,30.0,102.5,0.010506225564237616,GOOD
SYN00061,L005,61,2026-01-15 00:15:15,29.94772190013144,30.91083393526029,-8.571428571428571,-5.802869085409958,82.65080672007485,Airborne Magnetic,40980.28612028,40972.768559486016,-0.2530021678453963,41000.0,5.437846722219899,-1.5793477660559234,-21.040225318211505,570.039000133146,30.0,102.5,0.06287509420179394,GOOD
SYN00062,L005,62,2026-01-15 00:15:30,29.947901229174718,30.925694946050243,-7.142857142857142,-5.782963561606326,83.91731851050064,Airborne Magnetic,40991.170899474746,40976.35989358125,-0.46743431392576373,41000.0,5.437846722219899,-1.5793477660559234,-9.94101397738317,569.2624100979128,30.0,102.5,0.11455047884727101,GOOD
SYN00063,L005,63,2026-01-15 00:15:45,29.948053830712105,30.940555956840193,-5.714285714285714,-5.7660247909561555,84.74705984294575,Airborne Magnetic,41005.16149521636,40979.948260923324,-0.6881555698194728,41000.0,5.437846722219899,-1.5793477660559234,4.270303020122322,569.8985136973639,30.0,102.5,0.16496242326456065,GOOD
SYN00064,L005,64,2026-01-15 00:16:00,29.948098877288118,30.955416967630146,-4.285714285714286,-5.761024621018812,88.77794224810643,Airborne Magnetic,41014.320004257635,40983.5246896647,-0.9178922600842794,41000.0,5.437846722219899,-1.5793477660559234,13.658548751663568,575.6096597376854,30.0,102.5,0.21355490639466093,GOOD
SYN00065,L005,65,2026-01-15 00:16:15,29.948128470317094,30.970277978420096,-2.8571428571428568,-5.7577397948025295,94.39795346783139,Airborne Magnetic,41009.5658649152,40987.09940306234,-1.159225453742558,41000.0,5.437846722219899,-1.5793477660559234,9.145742602885969,584.5717850101536,30.0,102.5,0.25979197501771695,GOOD
SYN00066,L005,66,2026-01-15 00:16:30,29.947716912728826,30.98513898921005,-1.4285714285714288,-5.803422687100464,98.25551742615055,Airborne Magnetic,41035.469044680816,40990.62514874147,-1.4145483825853242,41000.0,5.437846722219899,-1.5793477660559234,35.304245297345425,593.0115353041203,30.0,102.5,0.30316365507583115,GOOD
SYN00067,L005,67,2026-01-15 00:16:45,29.947675966162908,31.0,0.0,-5.807967755917109,101.71414190984052,Airborne Magnetic,41098.24942359822,40994.192032244086,-1.6860260966090173,41000.0,5.437846722219899,-1.5793477660559234,98.35610192877309,601.7141419098405,30.0,102.5,0.3431915764574088,GOOD
SYN00068,L005,68,2026-01-15 00:17:00,29.948151759919277,31.01486101078995,1.4285714285714288,-5.75515464896024,102.2790419589024,Airborne Magnetic,41109.517823417205,40997.816273922464,-1.9755578400547886,41000.0,5.437846722219899,-1.5793477660559234,109.91403349120762,607.5230240809326,30.0,102.5,0.3794342492041961,GOOD
SYN00069,L005,69,2026-01-15 00:17:15,29.947773640926073,31.029722021579904,2.8571428571428577,-5.797125857205791,104.17208600133898,Airborne Magnetic,41014.503434745784,41001.34573128565,-2.284742600950597,41000.0,5.437846722219899,-1.5793477660559234,15.208829580682016,613.9982544590168,30.0,102.5,0.4114919329468281,GOOD
SYN00070,L005,70,2026-01-15 00:17:30,29.947382872638343,31.044583032369854,4.2857142857142865,-5.840501137144043,112.06279749425606,Airborne Magnetic,40936.51713145369,41004.87378457714,-2.6148482513868516,41000.0,5.437846722219899,-1.5793477660559234,-62.44736806097402,625.2310800046771,30.0,102.5,0.43901104586120027,GOOD
SYN00071,L005,71,2026-01-15 00:17:45,29.947434187632698,31.059444043159807,5.714285714285715,-5.834805172770666,113.42699820828524,Airborne Magnetic,40929.550177243924,41008.450909112944,-2.9667846553822512,41000.0,5.437846722219899,-1.5793477660559234,-69.06238586674638,628.2755443538671,30.0,102.5,0.46168806451685673,GOOD
SYN00072,L005,72,2026-01-15 00:18:00,29.94751124526441,31.074305053949757,7.142857142857142,-5.826251775650591,116.82000167217168,Airborne Magnetic,40965.07123791503,41012.03089108149,-3.341081076565116,41000.0,5.437846722219899,-1.5793477660559234,-33.16702877446418,631.4749100847595,30.0,102.5,0.4792728716038288,GOOD
SYN00073,L005,73,2026-01-15 00:18:15,29.94802173644641,31.08916606473971,8.571428571428573,-5.769587254448376,117.8630727182215,Airborne Magnetic,40997.90203736598,41015.65898417412,-3.7378681695015263,41000.0,5.437846722219899,-1.5793477660559234,0.06055776942908997,630.4748793051502,30.0,102.5,0.4915715146139983,GOOD
SYN00074,L005,74,2026-01-15 00:18:30,29.947893904011103,31.10402707552966,10.0,-5.783776654767704,116.3448073169791,Airborne Magnetic,41017.13907818679,41019.21622334523,-4.156864786881479,41000.0,5.437846722219899,-1.5793477660559234,19.71659520761701,625.3218894785384,30.0,102.5,0.49844834504997315,GOOD
SYN00075,L006,75,2026-01-15 00:18:45,29.957574570350445,30.89597292447034,-10.0,-4.709222691100447,87.55054158706363,Airborne Magnetic,40973.910998163665,40970.2907773089,-4.597369780500415,41000.0,5.868885604402833,-0.501684258533815,-21.993316314366993,578.5734594255043,30.0,105.0,0.49982751456696545,GOOD
SYN00076,L006,76,2026-01-15 00:19:00,29.957171781881833,30.91083393526029,-8.571428571428571,-4.753932211116619,86.10396117556417,Airborne Magnetic,40980.18047321385,40973.81749636031,-5.058258917647432,41000.0,5.868885604402833,-0.501684258533815,-15.262952127037453,573.4921545886353,30.0,105.0,0.4956938115458987,GOOD
SYN00077,L006,77,2026-01-15 00:19:15,29.95738287821964,30.925694946050243,-7.142857142857142,-4.730500517620089,87.2702497411186,Airborne Magnetic,41001.72342509224,40977.41235662524,-5.537986976758102,41000.0,5.868885604402833,-0.501684258533815,6.759727810463928,572.6153413285308,30.0,105.0,0.48609282887072025,GOOD
SYN00078,L006,78,2026-01-15 00:19:30,29.957551184779238,30.940555956840193,-5.714285714285714,-4.711818489504464,86.32942793115335,Airborne Magnetic,41038.98245719439,40981.002467224775,-6.034595027650022,41000.0,5.868885604402833,-0.501684258533815,44.51536796350946,571.4808817855715,30.0,105.0,0.4711304610594103,GOOD
SYN00079,L006,79,2026-01-15 00:19:45,29.9572142705689,30.955416967630146,-4.285714285714286,-4.749215966851967,89.80463026966099,Airborne Magnetic,41052.147884663544,40984.53649831886,-6.545722842981763,41000.0,5.868885604402833,-0.501684258533815,58.19192324799032,576.6363477592399,30.0,105.0,0.4509717362951068,GOOD
SYN00080,L006,80,2026-01-15 00:20:00,29.95749035048864,30.970277978420096,-2.8571428571428568,-4.718571095760861,93.70439870930296,Airborne Magnetic,41038.53857676233,40988.13857176138,-7.068626329413343,41000.0,5.868885604402833,-0.501684258533815,45.10551883320831,583.8782302516252,30.0,105.0,0.42583899623951615,GOOD
SYN00081,L006,81,2026-01-15 00:20:15,29.957087214928777,30.98513898921005,-1.4285714285714288,-4.763319142905823,98.64017798252091,Airborne Magnetic,41054.52356122566,40991.66525228567,-7.600199809943115,41000.0,5.868885604402833,-0.501684258533815,61.622076777070006,593.3961958604907,30.0,105.0,0.39600944370444974,GOOD
SYN00082,L006,82,2026-01-15 00:20:30,29.957194916584452,31.0,0.0,-4.7513642591257605,100.162790507376,Airborne Magnetic,41141.67604716284,40995.24863574087,-8.137002933686581,41000.0,5.868885604402833,-0.501684258533815,149.31136583798605,600.162790507376,30.0,105.0,0.3618120852295648,GOOD
SYN00083,L006,83,2026-01-15 00:20:45,29.957188183594386,31.01486101078995,1.4285714285714288,-4.752111621023091,105.94629963256394,Airborne Magnetic,41149.71071420987,40998.8193169504,-8.675291936559763,41000.0,5.868885604402833,-0.501684258533815,157.88432188789545,611.1902817545941,30.0,105.0,0.3236241022883023,GOOD
SYN00084,L006,84,2026-01-15 00:21:00,29.956894813593813,31.029722021579904,2.8571428571428577,-4.784675691086719,108.0581252575497,Airborne Magnetic,41013.52250257063,41002.35818145177,-9.211054926521376,41000.0,5.868885604402833,-0.501684258533815,22.231873238617382,617.8842937152275,30.0,105.0,0.2818666911459829,GOOD
SYN00085,L006,85,2026-01-15 00:21:15,29.957501232378092,31.044583032369854,4.2857142857142865,-4.7173632060317345,111.49437840259658,Airborne Magnetic,40897.56689313476,41005.99692250825,-9.74005082076777,41000.0,5.868885604402833,-0.501684258533815,-93.19474030300817,624.6626609130176,30.0,105.0,0.23700041725456386,GOOD
SYN00086,L006,86,2026-01-15 00:21:30,29.95715659280296,31.059444043159807,5.714285714285715,-4.755618198871266,115.81375096483018,Airborne Magnetic,40883.402530183914,41009.53009608685,-10.257851520078942,41000.0,5.868885604402833,-0.501684258533815,-106.84130255453975,630.662297110412,30.0,105.0,0.18952013542297932,GOOD
SYN00087,L006,87,2026-01-15 00:21:45,29.957330249184558,31.074305053949757,7.142857142857142,-4.73634234051405,111.69712749960284,Airborne Magnetic,40936.26394731427,41013.12080051663,-10.759886867852103,41000.0,5.868885604402833,-0.501684258533815,-53.477850076409695,626.3520359121907,30.0,105.0,0.1399495317913079,GOOD
SYN00088,L006,88,2026-01-15 00:22:00,29.957498988838676,31.08916606473971,8.571428571428573,-4.717612238906921,113.65582580652115,Airborne Magnetic,40985.525525663754,41016.710959189666,-11.241491908653522,41000.0,5.868885604402833,-0.501684258533815,-3.734666686128649,626.26763239345,30.0,105.0,0.08883534780833278,GOOD
SYN00089,L006,89,2026-01-15 00:22:15,29.957486658934936,31.10402707552966,10.0,-4.7189808582219595,112.89099449866694,Airborne Magnetic,41005.97673183776,41020.28101914178,-11.69795593373491,41000.0,5.868885604402833,-0.501684258533815,17.173003512963888,621.8680766602263,30.0,105.0,0.03674134991942386,GOOD
SYN00090,L007,90,2026-01-15 00:22:30,29.967048692594982,30.89597292447034,-10.0,-3.657595121956878,81.15271766278659,Airborne Magnetic,40969.734664731826,40971.34240487804,-12.124572779205613,41000.0,5.999086170938348,1.9500668920484379,-16.190695596920467,572.1756355012272,30.0,107.5,-0.015757888523634894,GOOD
SYN00091,L007,91,2026-01-15 00:22:45,29.96677342391265,30.91083393526029,-8.571428571428571,-3.6881499456961664,84.0758530939396,Airborne Magnetic,40978.24269142006,40974.88327862573,-12.516691826671456,41000.0,5.999086170938348,1.9500668920484379,-7.2905498612196755,571.4640465070108,30.0,107.5,-0.0680833245481233,GOOD
SYN00092,L007,92,2026-01-15 00:23:00,29.966656374245066,30.925694946050243,-7.142857142857142,-3.7011424587975554,87.50311651760664,Airborne Magnetic,41015.83991878307,40978.44171468406,-12.869769146326881,41000.0,5.999086170938348,1.9500668920484379,30.659754821445187,572.8482081050188,30.0,107.5,-0.11965783214377904,GOOD
SYN00093,L007,93,2026-01-15 00:23:15,29.966780186894127,30.940555956840193,-5.714285714285714,-3.6873992547520453,86.96412247717748,Airborne Magnetic,41085.48012896109,40982.02688645953,-13.179418218831954,41000.0,5.999086170938348,1.9500668920484379,100.60961407197125,572.1155763315957,30.0,107.5,-0.16991256770295407,GOOD
SYN00094,L007,94,2026-01-15 00:23:30,29.966200865732667,30.955416967630146,-4.285714285714286,-3.7517039036741107,90.35993084857203,Airborne Magnetic,41112.233916534795,40985.53401038204,-13.441459674867238,41000.0,5.999086170938348,1.9500668920484379,127.62544310171167,577.191648338151,30.0,107.5,-0.21829324410959877,GOOD
SYN00095,L007,95,2026-01-15 00:23:45,29.96628743220529,30.970277978420096,-2.8571428571428568,-3.7420950252127128,95.29398629530101,Airborne Magnetic,41078.457721151644,40989.11504783193,-13.651969500013793,41000.0,5.999086170938348,1.9500668920484379,94.05975754370981,585.4678178376232,30.0,107.5,-0.2642662442766938,GOOD
SYN00096,L007,96,2026-01-15 00:24:00,29.966332265668377,30.98513898921005,-1.4285714285714288,-3.7371185108099656,99.44925316980229,Airborne Magnetic,41060.726996701334,40992.69145291776,-13.80732516746283,41000.0,5.999086170938348,1.9500668920484379,76.48438876084789,594.2052710477722,30.0,107.5,-0.3073245067025688,GOOD
SYN00097,L007,97,2026-01-15 00:24:15,29.96644954595117,31.0,0.0,-3.7241003994198487,100.6065442104317,Airborne Magnetic,41120.798580361254,40996.27589960058,-13.904249181860706,41000.0,5.999086170938348,1.9500668920484379,136.65289643516394,600.6065442104317,30.0,107.5,-0.34699311813105715,GOOD
SYN00098,L007,98,2026-01-15 00:24:30,29.96695297696174,31.01486101078995,1.4285714285714288,-3.668219557246852,107.39435848748326,Airborne Magnetic,41122.4999346042,40999.90320901418,-13.939849544117298,41000.0,5.999086170938348,1.9500668920484379,138.3898510403708,612.6383406095134,30.0,107.5,-0.3828345516309805,GOOD
SYN00099,L007,99,2026-01-15 00:24:45,29.96648261541865,31.029722021579904,2.8571428571428577,-3.7204296885301917,108.56120695773737,Airborne Magnetic,40995.60968974479,41003.42242745432,-13.911656678961233,41000.0,5.999086170938348,1.9500668920484379,11.471413315801568,618.3873754154151,30.0,107.5,-0.4144534923212892,GOOD
SYN00100,L007,100,2026-01-15 00:25:00,29.966672639383088,31.044583032369854,4.2857142857142865,-3.699337028477365,109.85106105408704,Airborne Magnetic,40885.30629856109,41007.014948685806,-13.817656404068263,41000.0,5.999086170938348,1.9500668920484379,-98.92597814279337,623.0193435645081,30.0,107.5,-0.4415011975162886,GOOD
SYN00101,L007,101,2026-01-15 00:25:15,29.967277104554917,31.059444043159807,5.714285714285715,-3.6322413944043466,112.74123681549118,Airborne Magnetic,40876.16870505928,41010.65347289131,-13.656318561315022,41000.0,5.999086170938348,1.9500668920484379,-108.22490948735843,627.5897829610731,30.0,107.5,-0.4636793432005103,GOOD
SYN00102,L007,102,2026-01-15 00:25:30,29.96668053076434,31.074305053949757,7.142857142857142,-3.6984610851582462,112.51459896550996,Airborne Magnetic,40930.272742433845,41014.15868177199,-13.4266209766655,41000.0,5.999086170938348,1.9500668920484379,-54.35056969744231,627.1695073780978,30.0,107.5,-0.4807433144083434,GOOD
SYN00103,L007,103,2026-01-15 00:25:45,29.96707468555336,31.08916606473971,8.571428571428573,-3.654709903577106,114.2599222881374,Airborne Magnetic,40978.05490336993,41017.773861525,-13.128068464879638,41000.0,5.999086170938348,1.9500668920484379,-6.866961273142566,626.8717288750662,30.0,107.5,-0.49250490321701346,GOOD
SYN00104,L007,104,2026-01-15 00:26:00,29.966472475373727,31.10402707552966,10.0,-3.7215552335161846,114.93984679246256,Airborne Magnetic,41007.63277183068,41021.27844476648,-12.760706648099646,41000.0,5.999086170938348,1.9500668920484379,22.343545370826416,623.9169289540218,30.0,107.5,-0.49883438459526963,GOOD
SYN00105,L008,105,2026-01-15 00:26:15,29.976218050002856,30.89597292447034,-10.0,-2.6397964496831263,87.22356020678566,Airborne Magnetic,40963.01022924249,40972.36020355031,-12.325130412842135,41000.0,5.821774357655979,0.8739828629815605,-23.790657481683244,578.2464780452264,30.0,110.0,-0.49966194721209584,GOOD
SYN00106,L008,106,2026-01-15 00:26:30,29.97594973126518,30.91083393526029,-8.571428571428571,-2.6695798295648445,88.67020761335564,Airborne Magnetic,40985.880514425335,40975.901848741865,-11.822486887395508,41000.0,5.821774357655979,0.8739828629815605,-1.423015824288828,576.0584010264268,30.0,110.0,-0.49497846342427354,GOOD
SYN00107,L008,107,2026-01-15 00:26:45,29.976169907473835,30.925694946050243,-7.142857142857142,-2.6451402704044438,83.02868524971845,Airborne Magnetic,41044.266474801254,40979.49771687245,-11.254472880463084,41000.0,5.821774357655979,0.8739828629815605,56.39493054469966,568.3737768371307,30.0,110.0,-0.48483558995017845,GOOD
SYN00108,L008,108,2026-01-15 00:27:00,29.97659489529847,30.940555956840193,-5.714285714285714,-2.5979666218701256,88.10165901988609,Airborne Magnetic,41146.4336755568,40983.11631909241,-10.623326781458704,41000.0,5.821774357655979,0.8739828629815605,157.9309852012422,573.2531128743042,30.0,110.0,-0.4693451981194244,GOOD
SYN00109,L008,109,2026-01-15 00:27:15,29.97566962374508,30.955416967630146,-4.285714285714286,-2.700671764296115,87.67305637849766,Airborne Magnetic,41187.774778824205,40986.58504252142,-9.931814982500228,41000.0,5.821774357655979,0.8739828629815605,198.58057666968415,574.5047738680767,30.0,110.0,-0.44867813998244627,GOOD
SYN00110,L008,110,2026-01-15 00:27:30,29.976448630615977,30.970277978420096,-2.8571428571428568,-2.614202001626587,93.83936687408861,Airborne Magnetic,41127.30141207143,40990.24294085552,-9.183212941203152,41000.0,5.821774357655979,0.8739828629815605,137.35860787560995,584.0131984164108,30.0,110.0,-0.42306236388927565,GOOD
SYN00111,L008,111,2026-01-15 00:27:45,29.976377752042566,30.98513898921005,-1.4285714285714288,-2.62206952327513,96.30869780638447,Airborne Magnetic,41061.31835439724,40993.806501905296,-8.381281061204978,41000.0,5.821774357655979,0.8739828629815605,70.57361832142959,591.0647156843543,30.0,110.0,-0.3927804003218276,GOOD
SYN00112,L008,112,2026-01-15 00:28:00,29.976077973463095,31.0,0.0,-2.655344945596293,96.8692573374242,Airborne Magnetic,41072.53217176817,40997.3446550544,-7.530235623315468,41000.0,5.821774357655979,0.8739828629815605,80.93639025446936,596.8692573374242,30.0,110.0,-0.35816624570983885,GOOD
SYN00113,L008,113,2026-01-15 00:28:15,29.97577097962573,31.01486101078995,1.4285714285714288,-2.689421261543959,106.34802103234085,Airborne Magnetic,41065.58854936257,41000.88200730988,-6.6347150536754,41000.0,5.821774357655979,0.8739828629815605,73.09724727922475,611.592003154371,30.0,110.0,-0.31960167860056327,GOOD
SYN00114,L008,114,2026-01-15 00:28:30,29.97631807417063,31.029722021579904,2.8571428571428577,-2.6286937670598665,106.94860503095762,Airborne Magnetic,40984.149596062794,41004.514163375796,-5.699741865729589,41000.0,5.821774357655979,0.8739828629815605,-9.276679208497459,616.7747734886354,30.0,110.0,-0.2775120488132128,GOOD
SYN00115,L008,115,2026-01-15 00:28:45,29.976101273371793,31.044583032369854,4.2857142857142865,-2.6527586557309735,110.24874135044557,Airborne Magnetic,40916.102642671955,41008.061527058555,-4.730680659625768,41000.0,5.821774357655979,0.8739828629815605,-78.29269380543957,623.4170238608666,30.0,110.0,-0.2323615860218843,GOOD
SYN00116,L008,116,2026-01-15 00:29:00,29.97637592883861,31.059444043159807,5.714285714285715,-2.6222718989142333,111.58853879821125,Airborne Magnetic,40910.61838444421,41011.6634423868,-3.7331926053248456,41000.0,5.821774357655979,0.8739828629815605,-84.77444008748245,626.4370849437931,30.0,110.0,-0.18464827951117851,GOOD
SYN00117,L008,117,2026-01-15 00:29:15,29.976299956202276,31.074305053949757,7.142857142857142,-2.6307048615474837,113.95355419254273,Airborne Magnetic,40958.26016572851,41015.226437995596,-2.7131868737830507,41000.0,5.821774357655979,0.8739828629815605,-38.152664534721055,628.6084626051305,30.0,110.0,-0.1348983855785119,GOOD
SYN00118,L008,118,2026-01-15 00:29:30,29.97686929917373,31.08916606473971,8.571428571428573,-2.5675077917155846,116.67453045462224,Airborne Magnetic,41002.6799191727,41018.861063636854,-1.6767695136230212,41000.0,5.821774357655979,0.8739828629815605,5.230671549300664,629.2863370415511,30.0,110.0,-0.0836606231639979,GOOD
SYN00119,L008,119,2026-01-15 00:29:45,29.97620582727507,31.10402707552966,10.0,-2.6411531724673423,115.06131107452883,Airborne Magnetic,41020.60571894517,41022.358846827534,-0.6301902983871631,41000.0,5.821774357655979,0.8739828629815605,22.109892106539686,624.0383932360882,30.0,110.0,-0.0315001217274898,GOOD
SYN00120,L009,120,2026-01-15 00:30:00,29.985406421007873,30.89597292447034,-10.0,-1.6198872681259278,86.06973233628197,Airborne Magnetic,40983.30419886665,40973.38011273187,0.42021190854192986,41000.0,5.346039145130208,2.5984674081149164,-14.5175456337717,577.0926501747226,30.0,112.5,0.021007811875028384,GOOD
SYN00121,L009,121,2026-01-15 00:30:15,29.98583985276556,30.91083393526029,-8.571428571428571,-1.5717763430228004,85.73295096157295,Airborne Magnetic,41001.91101951037,40976.999652228405,1.4680647082032925,41000.0,5.346039145130208,2.5984674081149164,3.041422210280248,573.1211443746441,30.0,112.5,0.07328403876714089,GOOD
SYN00122,L009,122,2026-01-15 00:30:30,29.98585452701746,30.925694946050243,-7.142857142857142,-1.5701475010621826,88.21937303766043,Airborne Magnetic,41061.41403562772,40980.57270964179,2.5070180663884054,41000.0,5.346039145130208,2.5984674081149164,61.50548496944549,573.5644646250727,30.0,112.5,0.1247519756931689,GOOD
SYN00123,L009,123,2026-01-15 00:30:45,29.986265046257554,30.940555956840193,-5.714285714285714,-1.5245798654114355,86.41575443034576,Airborne Magnetic,41160.61510965591,40984.18970584887,3.530799983175906,41000.0,5.346039145130208,2.5984674081149164,159.68277708084798,571.5672082847639,30.0,112.5,0.17484395447198822,GOOD
SYN00124,L009,124,2026-01-15 00:31:00,29.986076189922663,30.955416967630146,-4.285714285714286,-1.54554291858447,86.56940285397893,Airborne Magnetic,41207.38520057683,40987.740171367135,4.533271357307207,41000.0,5.346039145130208,2.5984674081149164,205.45039662763457,573.4011203435579,30.0,112.5,0.22300748312158775,GOOD
SYN00125,L009,125,2026-01-15 00:31:15,29.98590385111662,30.970277978420096,-2.8571428571428568,-1.5646725260550727,94.81451163519186,Airborne Magnetic,41142.87704856687,40991.29247033109,5.5084794797672405,41000.0,5.346039145130208,2.5984674081149164,139.96703649522107,584.988343177514,30.0,112.5,0.26871133959698096,GOOD
SYN00126,L009,126,2026-01-15 00:31:30,29.98630256529034,30.98513898921005,-1.4285714285714288,-1.5204152527722705,95.68756390946486,Airborne Magnetic,41064.41342404914,40994.9081561758,6.450709605791763,41000.0,5.346039145130208,2.5984674081149164,60.56118185146198,590.4435817874347,30.0,112.5,0.31145143093028854,GOOD
SYN00127,L009,127,2026-01-15 00:31:45,29.985346865850506,31.0,0.0,-1.626497890593967,102.55448446727354,Airborne Magnetic,41040.56854141566,40998.3735021094,7.354534075345924,41000.0,5.346039145130208,2.5984674081149164,35.812474748428315,602.5544844672736,30.0,112.5,0.3507563531493021,GOOD
SYN00128,L009,128,2026-01-15 00:32:00,29.985544707840262,31.01486101078995,1.4285714285714288,-1.604537429731043,105.04120450920624,Airborne Magnetic,41034.26577950959,41001.966891141696,8.214858478681023,41000.0,5.346039145130208,2.5984674081149164,28.649388439017745,610.2851866312363,30.0,112.5,0.38619259065114514,GOOD
SYN00129,L009,129,2026-01-15 00:32:15,29.985441347692998,31.029722021579904,2.8571428571428577,-1.6160104060772742,107.69379472397188,Airborne Magnetic,40996.470665047644,41005.52684673678,9.02696439558368,41000.0,5.346039145130208,2.5984674081149164,-9.957831939824867,617.5199631816497,30.0,112.5,0.4173692976842681,GOOD
SYN00130,L009,130,2026-01-15 00:32:30,29.985634776932006,31.044583032369854,4.2857142857142865,-1.5945397605472837,111.80244983624854,Airborne Magnetic,40967.47665268197,41009.119745953736,9.78654827403471,41000.0,5.346039145130208,2.5984674081149164,-39.71142818395009,624.9707323466696,30.0,112.5,0.4439426092011878,GOOD
SYN00131,L009,131,2026-01-15 00:32:45,29.985279145816907,31.059444043159807,5.714285714285715,-1.6340148143233055,117.43241732412504,Airborne Magnetic,40967.097575669504,41012.6516994714,10.489756055785225,41000.0,5.346039145130208,2.5984674081149164,-40.79371297816823,632.2809634697069,30.0,112.5,0.46561943353520424,GOOD
SYN00132,L009,132,2026-01-15 00:33:00,29.98600413215722,31.074305053949757,7.142857142857142,-1.5535413305484769,119.20064909782556,Airborne Magnetic,41002.64056185657,41016.3036015266,11.133213202376574,41000.0,5.346039145130208,2.5984674081149164,-5.894183937689999,633.8555575104134,30.0,112.5,0.48216068506957827,GOOD
SYN00133,L009,133,2026-01-15 00:33:15,29.985695168681936,31.08916606473971,8.571428571428573,-1.587836276305004,115.76157754041584,Airborne Magnetic,41020.700048474595,41019.84073515227,11.714049824873527,41000.0,5.346039145130208,2.5984674081149164,11.584466057839851,628.3733841273446,30.0,112.5,0.49338392124428454,GOOD
SYN00134,L009,134,2026-01-15 00:33:30,29.985245228646836,31.10402707552966,10.0,-1.6377796202011594,115.55950623258256,Airborne Magnetic,41041.21828156656,41023.3622203798,12.22992067350052,41000.0,5.346039145130208,2.5984674081149164,31.586828301176244,624.5365883941419,30.0,112.5,0.4991653548153386,GOOD
SYN00135,L010,135,2026-01-15 00:33:45,29.99489244186737,30.89597292447034,-10.0,-0.5669389527219866,87.35429898356898,Airborne Magnetic,40993.541816184304,40974.433061047275,12.679019798888675,41000.0,4.596266658713868,1.7661178334665406,-17.371085781117454,578.3772168220096,30.0,115.0,0.4994412191723887,GOOD
SYN00136,L010,136,2026-01-15 00:34:00,29.995371394274095,30.91083393526029,-8.571428571428571,-0.5137752355756772,83.10618496669116,Airborne Magnetic,41008.734025574595,40978.057653335854,13.060089754146542,41000.0,4.596266658713868,1.7661178334665406,-2.559946346083035,570.4943783797625,30.0,115.0,0.49420847165572945,GOOD
SYN00137,L010,137,2026-01-15 00:34:15,29.99556044390308,30.925694946050243,-7.142857142857142,-0.4927907267579097,86.02871911697973,Airborne Magnetic,41052.6080678758,40981.6500664161,13.372425265830554,41000.0,4.596266658713868,1.7661178334665406,41.00176044343881,571.3738107043919,30.0,115.0,0.483524827115469,GOOD
SYN00138,L010,138,2026-01-15 00:34:30,29.99597795897472,30.940555956840193,-5.714285714285714,-0.4464465538060135,86.83397437384572,Airborne Magnetic,41125.19543723343,40985.26783916048,13.615871361465535,41000.0,4.596266658713868,1.7661178334665406,113.34568370543185,571.9854282282639,30.0,115.0,0.46750812134270747,GOOD
SYN00139,L010,139,2026-01-15 00:34:45,29.99630845683934,30.955416967630146,-4.285714285714286,-0.40976129083339174,89.9237785850353,Airborne Magnetic,41154.809260426024,40988.87595299489,13.790816000898722,41000.0,4.596266658713868,1.7661178334665406,142.78456225859466,576.7554960746143,30.0,115.0,0.44633501139379167,GOOD
SYN00140,L010,140,2026-01-15 00:35:00,29.99540775304376,30.970277978420096,-2.8571428571428568,-0.5097394121426451,90.80234256736661,Airborne Magnetic,41117.290914955374,40992.347403445005,13.898177317808726,41000.0,4.596266658713868,1.7661178334665406,105.15885547103154,580.9761741096888,30.0,115.0,0.4202390271424899,GOOD
SYN00141,L010,141,2026-01-15 00:35:15,29.994901825997523,30.98513898921005,-1.4285714285714288,-0.5658973142749595,92.98050167934196,Airborne Magnetic,41052.81502953551,40995.862674114294,13.939385635487234,41000.0,4.596266658713868,1.7661178334665406,40.64176173348734,587.7365195573118,30.0,115.0,0.3895079955505838,GOOD
SYN00142,L010,142,2026-01-15 00:35:30,29.99449011134502,31.0,0.0,-0.6115976407029373,95.97635265615801,Airborne Magnetic,41033.72362695044,40999.3884023593,13.916360476932692,41000.0,4.596266658713868,1.7661178334665406,21.57338430697475,595.976352656158,30.0,115.0,0.3544808660660164,GOOD
SYN00143,L010,143,2026-01-15 00:35:45,29.99535488891009,31.01486101078995,1.4285714285714288,-0.5156073309799315,101.82189603711187,Airborne Magnetic,41026.56781931522,41003.05582124045,13.831482842730056,41000.0,4.596266658713868,1.7661178334665406,14.502454305954434,607.065878159142,30.0,115.0,0.315543972163026,GOOD
SYN00144,L010,144,2026-01-15 00:36:00,29.99496546456499,31.029722021579904,2.8571428571428577,-0.558833433286098,106.82728381994167,Airborne Magnetic,41020.77624570552,41006.58402370957,13.687563080554254,41000.0,4.596266658713868,1.7661178334665406,8.854800458436348,616.6534522776194,30.0,115.0,0.27312677025779536,GOOD
SYN00145,L010,145,2026-01-15 00:36:15,29.99510873801909,31.044583032369854,4.2857142857142865,-0.5429300798808724,110.30819293872514,Airborne Magnetic,41009.77441275444,41010.171355634404,13.487804716876926,41000.0,4.596266658713868,1.7661178334665406,-1.947274128965529,623.4764754491462,30.0,115.0,0.2276971029974555,GOOD
SYN00146,L010,146,2026-01-15 00:36:30,29.995037840887964,31.059444043159807,5.714285714285715,-0.5507996614360773,117.18821149815403,Airborne Magnetic,41012.405740261296,41013.73491462428,13.235764664065918,41000.0,4.596266658713868,1.7661178334665406,0.9360934306960358,632.0367576437359,30.0,115.0,0.17975603916624497,GOOD
SYN00147,L010,147,2026-01-15 00:36:45,29.995207680856485,31.074305053949757,7.142857142857142,-0.5319474249303404,117.05435599840901,Airborne Magnetic,41025.19984613957,41017.32519543221,12.935310254080154,41000.0,4.596266658713868,1.7661178334665406,14.030653718959929,631.7092644109969,30.0,115.0,0.12983234712232308,GOOD
SYN00148,L010,148,2026-01-15 00:37:00,29.99564255333115,31.08916606473971,8.571428571428573,-0.4836765802421792,113.47780109825447,Airborne Magnetic,41033.47067952388,41020.94489484833,12.590573582965375,41000.0,4.596266658713868,1.7661178334665406,22.64622377438265,626.0896076851833,30.0,115.0,0.07847666272075253,GOOD
SYN00149,L010,149,2026-01-15 00:37:15,29.995315010389408,31.10402707552966,10.0,-0.5200338467758712,115.71099279616527,Airborne Magnetic,41039.81603082609,41024.47996615322,12.205903677989827,41000.0,4.596266658713868,1.7661178334665406,29.37624498156858,624.6880749577247,30.0,115.0,0.026255416047832093,GOOD
SYN00150,L011,150,2026-01-15 00:37:30,30.00468441798191,30.89597292447034,-10.0,0.5199703959921375,84.17028032619275,Airborne Magnetic,40989.24524725477,40975.519970395995,11.785817021224512,41000.0,3.610890138912289,0.6586300183943643,-21.88193974806661,575.1931981646334,30.0,117.5,-0.026255416047832367,GOOD
SYN00151,L011,151,2026-01-15 00:37:45,30.004368375129374,30.91083393526029,-8.571428571428571,0.4848896393606525,84.0290463811584,Airborne Magnetic,41000.06965977486,40979.05631821079,11.334946979433333,41000.0,3.610890138912289,0.6586300183943643,-10.60665718617845,571.4172397942297,30.0,117.5,-0.07847666272075281,GOOD
SYN00152,L011,152,2026-01-15 00:38:00,30.00413809433951,30.925694946050243,-7.142857142857142,0.45932847168551066,85.54280583088531,Airborne Magnetic,41023.015082572405,40982.60218561454,10.857992700122983,41000.0,3.610890138912289,0.6586300183943643,12.815719890672812,570.8878974182975,30.0,117.5,-0.12983234712232333,GOOD
SYN00153,L011,153,2026-01-15 00:38:15,30.00456633759559,30.940555956840193,-5.714285714285714,0.5068634731107517,87.93338029832086,Airborne Magnetic,41064.62778641122,40986.2211491874,10.359668037406006,41000.0,3.610890138912289,0.6586300183943643,54.926748392211195,573.084834152739,30.0,117.5,-0.17975603916624439,GOOD
SYN00154,L011,154,2026-01-15 00:38:30,30.00472220258956,30.955416967630146,-4.285714285714286,0.5241644874409521,88.43066003869727,Airborne Magnetic,41085.50779982534,40989.80987877316,9.844651068917646,41000.0,3.610890138912289,0.6586300183943643,76.3217787748171,575.2623775282763,30.0,117.5,-0.22769710299745494,GOOD
SYN00155,L011,155,2026-01-15 00:38:45,30.0053786755497,30.970277978420096,-2.8571428571428568,0.5970329860168803,94.37542876510223,Airborne Magnetic,41060.751003312405,40993.45417584316,9.317534756429534,41000.0,3.610890138912289,0.6586300183943643,52.09209857436774,584.5492603074244,30.0,117.5,-0.2731267702577948,GOOD
SYN00156,L011,156,2026-01-15 00:39:00,30.004788529462456,30.98513898921005,-1.4285714285714288,0.5315267703326004,93.65627539675359,Airborne Magnetic,41036.0686280225,40996.960098198906,8.782779288121638,41000.0,3.610890138912289,0.6586300183943643,27.944478752770852,588.4122932747234,30.0,117.5,-0.3155439721630262,GOOD
SYN00157,L011,157,2026-01-15 00:39:15,30.005095724053284,31.0,0.0,0.5656253699146072,99.8995530507416,Airborne Magnetic,41020.194668788135,41000.56562536991,8.244666619876428,41000.0,3.610890138912289,0.6586300183943643,12.608632186655926,599.8995530507416,30.0,117.5,-0.3544808660660166,GOOD
SYN00158,L011,158,2026-01-15 00:39:30,30.004561657347136,31.01486101078995,1.4285714285714288,0.5063439655321189,109.04762145698032,Airborne Magnetic,41031.37182388138,41004.07777253696,7.707257706677892,41000.0,3.610890138912289,0.6586300183943643,24.32319619309685,614.2916035790105,30.0,117.5,-0.38950799555058396,GOOD
SYN00159,L011,159,2026-01-15 00:39:45,30.00431457692628,31.029722021579904,2.8571428571428577,0.47891803881700395,107.98324358065027,Airborne Magnetic,41036.71974531324,41007.62177518167,7.174352883528885,41000.0,3.610890138912289,0.6586300183943643,30.20402244810514,617.8094120383281,30.0,117.5,-0.42023902714249006,GOOD
SYN00160,L011,160,2026-01-15 00:40:00,30.004393793864725,31.044583032369854,4.2857142857142865,0.48771111898439007,113.55487688546195,Airborne Magnetic,41037.78934156519,41011.20199683327,6.649455818598053,41000.0,3.610890138912289,0.6586300183943643,31.798515764991794,626.7231593958829,30.0,117.5,-0.4463350113937918,GOOD
SYN00161,L011,161,2026-01-15 00:40:15,30.004480240962994,31.059444043159807,5.714285714285715,0.49730674689225485,113.28716824797574,Airborne Magnetic,41035.36081617092,41014.78302103261,6.135741419982213,41000.0,3.610890138912289,0.6586300183943643,29.883704769333168,628.1357143935576,30.0,117.5,-0.4675081213427076,GOOD
SYN00162,L011,162,2026-01-15 00:40:30,30.00550859980875,31.074305053949757,7.142857142857142,0.6114545787710916,115.77524304851372,Airborne Magnetic,41032.98163472494,41018.468597435916,5.63602803198304,41000.0,3.610890138912289,0.6586300183943643,28.004236711351883,630.4301514611016,30.0,117.5,-0.48352482711546935,GOOD
SYN00163,L011,163,2026-01-15 00:40:45,30.004445588489233,31.08916606473971,8.571428571428573,0.4934603223047095,115.09298956164295,Airborne Magnetic,41031.82645377582,41021.92203175088,5.15275420765486,41000.0,3.610890138912289,0.6586300183943643,27.332329586558377,627.7047961485717,30.0,117.5,-0.4942084716557296,GOOD
SYN00164,L011,164,2026-01-15 00:41:00,30.00504374196057,31.10402707552966,10.0,0.5598553576231388,114.45878288805515,Airborne Magnetic,41033.20028039166,41025.55985535762,4.687960292130446,41000.0,3.610890138912289,0.6586300183943643,29.170950117923827,623.4358650496144,30.0,117.5,-0.49944121917238876,GOOD
SYN00165,L012,165,2026-01-15 00:41:15,30.01389937190358,30.89597292447034,-10.0,1.542830281297572,83.22090002838148,Airborne Magnetic,40980.45527484747,40976.542830281294,4.243274996455107,41000.0,2.4404198584548027,2.615901789251688,-21.172098359738563,574.2438178668222,30.0,120.0,-0.49916535481533864,GOOD
SYN00166,L012,166,2026-01-15 00:41:30,30.014560453053477,30.91083393526029,-8.571428571428571,1.6162102889360228,85.23211264523862,Airborne Magnetic,40985.324328573086,40980.18763886036,3.819907084964978,41000.0,2.4404198584548027,2.615901789251688,-15.879676722628325,572.6203060583099,30.0,120.0,-0.49338392124428465,GOOD
SYN00167,L012,167,2026-01-15 00:41:45,30.014363472135724,30.925694946050243,-7.142857142857142,1.5943454070652876,83.24207676660706,Airborne Magnetic,41001.22658393414,40983.73720254992,3.418642241263325,41000.0,2.4404198584548027,2.615901789251688,0.4238434821329742,568.5871683540192,30.0,120.0,-0.48216068506957843,GOOD
SYN00168,L012,168,2026-01-15 00:42:00,30.01416830497761,30.940555956840193,-5.714285714285714,1.5726818525147295,87.81304486111613,Airborne Magnetic,41016.605079075765,40987.2869675668,3.039845119221957,41000.0,2.4404198584548027,2.615901789251688,16.181135745793902,572.9644987155343,30.0,120.0,-0.46561943353520413,GOOD
SYN00169,L012,169,2026-01-15 00:42:15,30.014210061868248,30.955416967630146,-4.285714285714286,1.5773168673756357,91.06912053937019,Airborne Magnetic,41025.033912598876,40990.863031153094,2.6834665268157023,41000.0,2.4404198584548027,2.615901789251688,24.966347861309508,577.9008380289491,30.0,120.0,-0.44394260920118767,GOOD
SYN00170,L012,170,2026-01-15 00:42:30,30.01398879153697,30.970277978420096,-2.8571428571428568,1.5527558606038774,92.78964393919057,Airborne Magnetic,41020.268451236385,40994.40989871775,2.349055632635389,41000.0,2.4404198584548027,2.615901789251688,20.53529739300054,582.9634754815128,30.0,120.0,-0.41736929768426795,GOOD
SYN00171,L012,171,2026-01-15 00:42:45,30.014385497806128,30.98513898921005,-1.4285714285714288,1.5967902564803362,95.15460168469745,Airborne Magnetic,41013.505366631456,40998.02536168505,2.0357770282626992,41000.0,2.4404198584548027,2.615901789251688,14.085491392443394,589.9106195626673,30.0,120.0,-0.386192590651145,GOOD
SYN00172,L012,172,2026-01-15 00:43:00,30.014060793055922,31.0,0.0,1.5607480292074218,100.5957815527759,Airborne Magnetic,41016.509454600426,41001.56074802921,1.7424324249570886,41000.0,2.4404198584548027,2.615901789251688,17.382923964718678,600.5957815527759,30.0,120.0,-0.3507563531493019,GOOD
SYN00173,L012,173,2026-01-15 00:43:15,30.013783091332165,31.01486101078995,1.4285714285714288,1.5299231378703633,103.03021205822819,Airborne Magnetic,41030.82170113553,41005.1013517093,1.4674867109071457,41000.0,2.4404198584548027,2.615901789251688,31.97011621387562,608.2741941802584,30.0,120.0,-0.3114514309302883,GOOD
SYN00174,L012,174,2026-01-15 00:43:30,30.013764233022055,31.029722021579904,2.8571428571428577,1.5278298654482683,109.19839598100376,Airborne Magnetic,41054.24310243628,41008.6706870083,1.2090980462155438,41000.0,2.4404198584548027,2.615901789251688,55.64990617931678,619.0245644386815,30.0,120.0,-0.26871133959698074,GOOD
SYN00175,L012,175,2026-01-15 00:43:45,30.01428694491108,31.044583032369854,4.2857142857142865,1.5858508851299378,106.80600775059027,Airborne Magnetic,41064.057891929806,41012.30013659941,0.9651516273617973,41000.0,2.4404198584548027,2.615901789251688,65.70864209169875,619.9742902610113,30.0,120.0,-0.2230074831215867,GOOD
SYN00176,L012,176,2026-01-15 00:44:00,30.014793792961058,31.059444043159807,5.714285714285715,1.6421110186774706,112.20395230103499,Airborne Magnetic,41053.904210623354,41015.927825304396,0.7332967116240896,41000.0,2.4404198584548027,2.615901789251688,55.786815700981855,627.0524984466168,30.0,120.0,-0.17484395447198714,GOOD
SYN00177,L012,177,2026-01-15 00:44:15,30.014282405702378,31.074305053949757,7.142857142857142,1.5853470329639907,110.43728637676756,Airborne Magnetic,41040.211199319165,41019.44248989011,0.5109864552977058,41000.0,2.4404198584548027,2.615901789251688,42.316114653122234,625.0921947893554,30.0,120.0,-0.1247519756931695,GOOD
SYN00178,L012,178,2026-01-15 00:44:30,30.014181998516907,31.08916606473971,8.571428571428573,1.5742018353766578,112.00028598735955,Airborne Magnetic,41033.38982572037,41023.00277326395,0.2955200879290407,41000.0,2.4404198584548027,2.615901789251688,35.71020742169119,624.6120925742883,30.0,120.0,-0.0732840387671415,GOOD
SYN00179,L012,179,2026-01-15 00:44:45,30.014327751477524,31.10402707552966,10.0,1.5903804140051547,117.32121749873498,Airborne Magnetic,41032.63691531514,41026.590380414,0.08408691854147812,41000.0,2.4404198584548027,2.615901789251688,35.16873018584945,626.2982996602943,30.0,120.0,-0.021007811875029,GOOD
SYN00180,L013,180,2026-01-15 00:45:00,30.024178549703034,30.89597292447034,-10.0,2.6838190170366945,86.34203703862785,Airborne Magnetic,40980.12043100121,40977.68381901704,-0.12618835074732393,41000.0,1.1448539722592699,0.6584897381074482,-19.094890909934918,577.3649548770685,30.0,122.5,0.031500121727489186,GOOD
SYN00181,L013,181,2026-01-15 00:45:15,30.023786975202007,30.91083393526029,-8.571428571428571,2.6403542474229753,82.72772066905654,Airborne Magnetic,40983.9460574171,40981.21178281885,-0.3381995429990561,41000.0,1.1448539722592699,0.6584897381074482,-15.05725330179456,570.1159140821278,30.0,122.5,0.08366062316399817,GOOD
SYN00182,L013,182,2026-01-15 00:45:30,30.023559836559777,30.925694946050243,-7.142857142857142,2.615141858135072,81.73598494268283,Airborne Magnetic,40989.28656097104,40984.75799900099,-0.554812704526862,41000.0,1.1448539722592699,0.6584897381074482,-9.500136586324231,567.0810765300951,30.0,122.5,0.13489838557851214,GOOD
SYN00183,L013,183,2026-01-15 00:45:45,30.02410658104298,30.940555956840193,-5.714285714285714,2.6758304957708168,80.33218698415476,Airborne Magnetic,40992.35326022871,40988.39011621005,-0.7788201331459905,41000.0,1.1448539722592699,0.6584897381074482,-6.2094299000343085,565.4836408385729,30.0,122.5,0.18464827951117876,GOOD
SYN00184,L013,184,2026-01-15 00:46:00,30.02386242526943,30.955416967630146,-4.285714285714286,2.6487292049068856,87.59727304710685,Airborne Magnetic,41001.43857957329,40991.93444349062,-1.0128952832756208,41000.0,1.1448539722592699,0.6584897381074482,3.1099645946708847,574.4289905366859,30.0,122.5,0.23236158602188453,GOOD
SYN00185,L013,185,2026-01-15 00:46:15,30.02426134402746,30.970277978420096,-2.8571428571428568,2.693009187048261,96.66936048392203,Airborne Magnetic,40997.81438845518,40995.55015204419,-1.259549084718186,41000.0,1.1448539722592699,0.6584897381074482,-0.267572721993645,586.8431920262442,30.0,122.5,0.277512048813213,GOOD
SYN00186,L013,186,2026-01-15 00:46:30,30.023773948872588,30.98513898921005,-1.4285714285714288,2.6389083248572973,96.38844408106074,Airborne Magnetic,41001.885640906716,40999.06747975343,-1.52108819606639,41000.0,1.1448539722592699,0.6584897381074482,4.065218840889713,591.1444619590305,30.0,122.5,0.3196016786005635,GOOD
SYN00187,L013,187,2026-01-15 00:46:45,30.02326666834324,31.0,0.0,2.5826001860996013,98.3643353906811,Airborne Magnetic,41017.43088638671,41002.5826001861,-1.7995756919580517,41000.0,1.1448539722592699,0.6584897381074482,19.888951816774636,598.3643353906812,30.0,122.5,0.3581662457098397,GOOD
SYN00188,L013,188,2026-01-15 00:47:00,30.02321488810269,31.01486101078995,1.4285714285714288,2.5768525793985946,104.36833270001598,Airborne Magnetic,41039.328766521256,41006.148281150825,-2.0967946560557436,41000.0,1.1448539722592699,0.6584897381074482,42.08405091541891,609.6123148220462,30.0,122.5,0.3927804003218283,GOOD
SYN00189,L013,189,2026-01-15 00:47:15,30.024302847429347,31.029722021579904,2.8571428571428577,2.6976160646576712,103.9714277842427,Airborne Magnetic,41068.77785808833,41009.840473207514,-2.414215118974738,41000.0,1.1448539722592699,0.6584897381074482,71.85056294541238,613.7975962419205,30.0,122.5,0.4230623638892753,GOOD
SYN00190,L013,190,2026-01-15 00:47:30,30.024329059245044,31.044583032369854,4.2857142857142865,2.700525576199753,109.65123825541129,Airborne Magnetic,41075.7077041868,41013.41481129048,-2.752964742781083,41000.0,1.1448539722592699,0.6584897381074482,79.11915866769078,622.8195207658323,30.0,122.5,0.44867813998244604,GOOD
SYN00191,L013,191,2026-01-15 00:47:45,30.02364322683637,31.059444043159807,5.714285714285715,2.6243981788371173,112.87766455127183,Airborne Magnetic,41059.60385220829,41016.91011246455,-3.1138036115479104,41000.0,1.1448539722592699,0.6584897381074482,63.3761455579409,627.7262106968537,30.0,122.5,0.46934519811942416,GOOD
SYN00192,L013,192,2026-01-15 00:48:00,30.02356983292363,31.074305053949757,7.142857142857142,2.6162514545229816,114.04052817906165,Airborne Magnetic,41040.53744681974,41020.473394311666,-3.497103441260225,41000.0,1.1448539722592699,0.6584897381074482,44.69303999910727,628.6954365916495,30.0,122.5,0.4848355899501783,GOOD
SYN00193,L013,193,2026-01-15 00:48:15,30.024234565036558,31.08916606473971,8.571428571428573,2.690036719058109,116.34885291445782,Airborne Magnetic,41029.031142932654,41024.11860814763,-3.9028314726071334,41000.0,1.1448539722592699,0.6584897381074482,33.59246414337059,628.9606595013865,30.0,122.5,0.4949784634242736,GOOD
SYN00194,L013,194,2026-01-15 00:48:30,30.023308983063846,31.10402707552966,10.0,2.587297120086682,115.08340015036296,Airborne Magnetic,41026.10592061817,41027.58729712009,-4.330539257448604,41000.0,1.1448539722592699,0.6584897381074482,31.09494961372212,624.0604823119223,30.0,122.5,0.4996619472120959,GOOD
SYN00195,L014,195,2026-01-15 00:48:45,30.03286866167169,30.89597292447034,-10.0,3.6484214455575565,85.69539862519629,Airborne Magnetic,40976.16322617214,40978.648421445556,-4.7793564945753335,41000.0,-0.2093969802150054,1.2419822651955883,-17.81543506809055,576.7183164636369,30.0,125.0,0.4988343845952696,GOOD
SYN00196,L014,196,2026-01-15 00:49:00,30.033422915298228,30.91083393526029,-8.571428571428571,3.7099435981033513,82.57601870102853,Airborne Magnetic,40976.14222947445,40982.28137216953,-5.247990013407424,41000.0,-0.2093969802150054,1.2419822651955883,-17.367798246950656,569.9642121140997,30.0,125.0,0.4925049032170134,GOOD
SYN00197,L014,197,2026-01-15 00:49:15,30.033048885778392,30.925694946050243,-7.142857142857142,3.6684263214014057,86.32596577893247,Airborne Magnetic,40981.16593709168,40985.81128346426,-5.734727946132008,41000.0,-0.2093969802150054,1.2419822651955883,-11.857352696990233,571.6710573663446,30.0,125.0,0.4807433144083433,GOOD
SYN00198,L014,198,2026-01-15 00:49:30,30.033189240104928,30.940555956840193,-5.714285714285714,3.6840056516469866,89.31748352391081,Airborne Magnetic,40981.98295575652,40989.39829136593,-6.237449070106859,41000.0,-0.2093969802150054,1.2419822651955883,-10.537612908183178,574.468937378329,30.0,125.0,0.4636793432005102,GOOD
SYN00199,L014,199,2026-01-15 00:49:45,30.033132187480856,30.955416967630146,-4.285714285714286,3.677672810374809,86.53817630257572,Airborne Magnetic,40988.556471727075,40992.96338709609,-6.753637243807657,41000.0,-0.2093969802150054,1.2419822651955883,-3.4479087639246018,573.3698937921547,30.0,125.0,0.441501197516288,GOOD
SYN00200,L014,200,2026-01-15 00:50:00,30.03331273430872,30.970277978420096,-2.8571428571428568,3.697713508267747,89.85219828375422,Airborne Magnetic,40990.58133887228,40996.554856365416,-7.280400801820617,41000.0,-0.2093969802150054,1.2419822651955883,-0.8962780607015475,580.0260298260764,30.0,125.0,0.41445349232128853,GOOD
SYN00201,L014,201,2026-01-15 00:50:15,30.033698286493408,30.98513898921005,-1.4285714285714288,3.740509800768338,97.9699239155917,Airborne Magnetic,40994.13026155203,41000.16908122934,-7.814496718021621,41000.0,-0.2093969802150054,1.2419822651955883,3.18674053524785,592.7259417935616,30.0,125.0,0.38283455163097974,GOOD
SYN00202,L014,202,2026-01-15 00:50:30,30.033223729032358,31.0,0.0,3.6878339225918593,98.8797452420915,Airborne Magnetic,41008.02617078389,41003.687833922595,-8.352359291763786,41000.0,-0.2093969802150054,1.2419822651955883,17.620512340845494,598.8797452420915,30.0,125.0,0.3469931181310576,GOOD
SYN00203,L014,203,2026-01-15 00:50:45,30.03342313583826,31.01486101078995,1.4285714285714288,3.7099680780468636,106.01919196541883,Airborne Magnetic,41032.96049000901,41007.28139664947,-8.890133060221725,41000.0,-0.2093969802150054,1.2419822651955883,43.09260533443205,611.263174087449,30.0,125.0,0.3073245067025692,GOOD
SYN00204,L014,204,2026-01-15 00:51:00,30.032452285065535,31.029722021579904,2.8571428571428577,3.6022036422745485,106.02735555092384,Airborne Magnetic,41061.56034834608,41010.74506078513,-9.423709591586688,41000.0,-0.2093969802150054,1.2419822651955883,72.22604020286428,615.8535240086017,30.0,125.0,0.2642662442766944,GOOD
SYN00205,L014,205,2026-01-15 00:51:15,30.03317352964179,31.044583032369854,4.2857142857142865,3.682261790238585,112.9596288905402,Airborne Magnetic,41077.218880309985,41014.39654750452,-9.948767769113658,41000.0,-0.2093969802150054,1.2419822651955883,88.4096303442949,626.1279114009612,30.0,125.0,0.21829324410959852,GOOD
SYN00206,L014,206,2026-01-15 00:51:30,30.032887219058594,31.059444043159807,5.714285714285715,3.6504813155040745,112.73646461151786,Airborne Magnetic,41058.51315794861,41017.93619560122,-10.460817135584692,41000.0,-0.2093969802150054,1.2419822651955883,70.21595734939376,627.5850107570997,30.0,125.0,0.16991256770295382,GOOD
SYN00207,L014,207,2026-01-15 00:51:45,30.032751873909,31.074305053949757,7.142857142857142,3.635458003898844,114.52534581947397,Airborne Magnetic,41034.922207678945,41021.49260086104,-10.955243832026419,41000.0,-0.2093969802150054,1.2419822651955883,47.119433776164556,629.1802542320618,30.0,125.0,0.11965783214377876,GOOD
SYN00208,L014,208,2026-01-15 00:52:00,30.032874634519267,31.08916606473971,8.571428571428573,3.6490844316386393,117.70486717190137,Airborne Magnetic,41016.88112517089,41025.07765586021,-11.427358633901488,41000.0,-0.2093969802150054,1.2419822651955883,29.550466069989966,630.3166737588301,30.0,125.0,0.06808332454812303,GOOD
SYN00209,L014,209,2026-01-15 00:52:15,30.03307068097917,31.10402707552966,10.0,3.6708455886877567,113.4538590492823,Airborne Magnetic,41016.31514973305,41028.67084558869,-11.872446562827456,41000.0,-0.2093969802150054,1.2419822651955883,29.429578561068524,622.4309412108416,30.0,125.0,0.01575788852363462,GOOD
SYN00210,L015,210,2026-01-15 00:52:30,30.043004308170786,30.89597292447034,-10.0,4.773478206957398,82.25149104485043,Airborne Magnetic,40965.359014072106,40979.77347820696,-12.285817532445694,41000.0,-1.5529142706151249,-0.44485643030206257,-22.800024825752228,573.2744088832911,30.0,127.5,-0.036741349919424134,GOOD
SYN00211,L015,211,2026-01-15 00:52:45,30.042196273842826,30.91083393526029,-8.571428571428571,4.683786396553575,82.8608662897433,Airborne Magnetic,40967.55121300002,40983.25521496798,-12.662857473586854,41000.0,-1.5529142706151249,-0.44485643030206257,-20.23078595669362,570.2490597028145,30.0,127.5,-0.08883534780833394,GOOD
SYN00212,L015,212,2026-01-15 00:53:00,30.04268529157628,30.925694946050243,-7.142857142857142,4.738067364966934,85.22107465468454,Airborne Magnetic,40975.429904274206,40986.88092450782,-12.999079376513038,41000.0,-1.5529142706151249,-0.44485643030206257,-12.015872779586099,570.5661662420968,30.0,127.5,-0.13994953179130903,GOOD
SYN00213,L015,213,2026-01-15 00:53:15,30.0424997777291,30.940555956840193,-5.714285714285714,4.717475327929814,82.72139754904524,Airborne Magnetic,40975.39582603295,40990.431761042215,-13.290173686846618,41000.0,-1.5529142706151249,-0.44485643030206257,-11.758856710504952,567.8728514034634,30.0,127.5,-0.1895201354229804,GOOD
SYN00214,L015,214,2026-01-15 00:53:30,30.042556172806204,30.955416967630146,-4.285714285714286,4.723735181488679,89.544204672958,Airborne Magnetic,40982.00650241991,40994.00944946721,-13.532057496840789,41000.0,-1.5529142706151249,-0.44485643030206257,-4.906296513552698,576.375922162537,30.0,127.5,-0.2370004172545633,GOOD
SYN00215,L015,215,2026-01-15 00:53:45,30.04303560737185,30.970277978420096,-2.8571428571428568,4.776952418275342,90.33419917794633,Airborne Magnetic,40983.07647534089,40997.63409527542,-13.7209219848571,41000.0,-1.5529142706151249,-0.44485643030206257,-3.6474591045553475,580.5080307202685,30.0,127.5,-0.2818666911459824,GOOD
SYN00216,L015,216,2026-01-15 00:54:00,30.042868168673362,30.98513898921005,-1.4285714285714288,4.758366722743315,97.39040918002337,Airborne Magnetic,40988.73775609779,41001.18693815132,-13.853277573172601,41000.0,-1.5529142706151249,-0.44485643030206257,2.1461772406618898,592.1464270579933,30.0,127.5,-0.32362410228830185,GOOD
SYN00217,L015,217,2026-01-15 00:54:15,30.043156198464512,31.0,0.0,4.790338029560867,94.25341178428688,Airborne Magnetic,41000.41040478562,41004.79033802956,-13.925996297359617,41000.0,-1.5529142706151249,-0.44485643030206257,13.891544652680713,594.2534117842869,30.0,127.5,-0.361812085229565,GOOD
SYN00218,L015,218,2026-01-15 00:54:30,30.04261857547832,31.01486101078995,1.4285714285714288,4.730661878093161,101.43427887106813,Airborne Magnetic,41023.05354184049,41008.30209044952,-13.93635090921431,41000.0,-1.5529142706151249,-0.44485643030206257,36.54503631940312,606.6782609930983,30.0,127.5,-0.3960094437044499,GOOD
SYN00219,L015,219,2026-01-15 00:54:45,30.042423463070236,31.029722021579904,2.8571428571428577,4.70900440079633,103.31813052053565,Airborne Magnetic,41052.77584718623,41011.85186154365,-13.8820502692456,41000.0,-1.5529142706151249,-0.44485643030206257,66.21304102517747,613.1442989782134,30.0,127.5,-0.42583899623951627,GOOD
SYN00220,L015,220,2026-01-15 00:55:00,30.04259358335665,31.044583032369854,4.2857142857142865,4.727887752587938,108.18795361280101,Airborne Magnetic,41054.42737594483,41015.44217346687,-13.76127062370347,41000.0,-1.5529142706151249,-0.44485643030206257,67.74379013823632,621.3562361232221,30.0,127.5,-0.4509717362951069,GOOD
SYN00221,L015,221,2026-01-15 00:55:15,30.042761639431657,31.059444043159807,5.714285714285715,4.746541976914006,112.74961264784287,Airborne Magnetic,41043.512191479436,41019.03225626263,-13.572682404600585,41000.0,-1.5529142706151249,-0.44485643030206257,56.640017453733854,627.5981587934248,30.0,127.5,-0.47113046105941037,GOOD
SYN00222,L015,222,2026-01-15 00:55:30,30.042737883239653,31.074305053949757,7.142857142857142,4.743905039601306,113.42874551478857,Airborne Magnetic,41028.03884149854,41022.601047896744,-13.315472238689624,41000.0,-1.5529142706151249,-0.44485643030206257,40.90945730693053,628.0836539273764,30.0,127.5,-0.4860928288707203,GOOD
SYN00223,L015,223,2026-01-15 00:55:45,30.042283482724088,31.08916606473971,8.571428571428573,4.693466582373823,113.85979956051848,Airborne Magnetic,41018.58537281801,41026.122038010944,-12.989359902381803,41000.0,-1.5529142706151249,-0.44485643030206257,31.12987629009145,626.4716061474472,30.0,127.5,-0.49569381154589875,GOOD
SYN00224,L015,224,2026-01-15 00:56:00,30.042706862130885,31.10402707552966,10.0,4.740461696528272,113.6451070398424,Airborne Magnetic,41018.55583880399,41029.74046169653,-12.594610013571856,41000.0,-1.5529142706151249,-0.44485643030206257,30.705592387261238,622.6221892014017,30.0,127.5,-0.49982751456696545,GOOD
SYN00225,L016,225,2026-01-15 00:56:15,30.052239665021766,30.89597292447034,-10.0,5.798602817416082,84.33548679584848,Airborne Magnetic,40966.88837918477,40980.79860281741,-12.132038307681038,41000.0,-2.8168293767153454,0.09981872378880724,-20.879763783760104,575.3584046342892,30.0,130.0,-0.49844834504997304,GOOD
SYN00226,L016,226,2026-01-15 00:56:30,30.053064618429836,30.91083393526029,-8.571428571428571,5.890172645711883,81.49964537208211,Airborne Magnetic,40969.19945263055,40984.46160121714,-11.603012403325504,41000.0,-2.8168293767153454,0.09981872378880724,-19.097716242333668,568.8878387851533,30.0,130.0,-0.4915715146139984,GOOD
SYN00227,L016,227,2026-01-15 00:56:45,30.052833760978935,30.925694946050243,-7.142857142857142,5.864547468661793,85.50481001445739,Airborne Magnetic,40976.42348788069,40988.00740461152,-11.009447022226384,41000.0,-2.8168293767153454,0.09981872378880724,-12.467246373297208,570.8499016018695,30.0,130.0,-0.479272871603829,GOOD
SYN00228,L016,228,2026-01-15 00:57:00,30.051849945497192,30.940555956840193,-5.714285714285714,5.7553439501881725,86.97067390972555,Airborne Magnetic,40980.579113746244,40991.46962966447,-10.353793687651962,41000.0,-2.8168293767153454,0.09981872378880724,-8.967273842314576,572.1221277641437,30.0,130.0,-0.46168806451685684,GOOD
SYN00229,L016,229,2026-01-15 00:57:15,30.052053859006744,30.955416967630146,-4.285714285714286,5.777978349748558,88.82849010931601,Airborne Magnetic,40983.065181555496,40995.063692635464,-9.639024985166056,41000.0,-2.8168293767153454,0.09981872378880724,-7.195974735547175,575.660207598895,30.0,130.0,-0.4390110458612003,GOOD
SYN00230,L016,230,2026-01-15 00:57:30,30.051630054091326,30.970277978420096,-2.8571428571428568,5.730936004137045,92.33401198151199,Airborne Magnetic,40989.3553318609,40998.588078861285,-8.86861352809985,41000.0,-2.8168293767153454,0.09981872378880724,-1.6762358872114833,582.5078435238343,30.0,130.0,-0.41149193294682823,GOOD
SYN00231,L016,231,2026-01-15 00:57:45,30.051944553186054,30.98513898921005,-1.4285714285714288,5.765845403651986,95.48612412399183,Airborne Magnetic,40993.89581466873,41002.19441683222,-8.046505827321923,41000.0,-2.8168293767153454,0.09981872378880724,2.042139219836421,590.2421420019617,30.0,130.0,-0.37943424920419594,GOOD
SYN00232,L016,232,2026-01-15 00:58:00,30.0522711521113,31.0,0.0,5.802097884354139,102.9097270285913,Airborne Magnetic,41002.32972982619,41005.802097884356,-7.177091319927553,41000.0,-2.8168293767153454,0.09981872378880724,9.606639869907262,602.9097270285913,30.0,130.0,-0.3431915764574086,GOOD
SYN00233,L016,233,2026-01-15 00:58:15,30.05259196242384,31.01486101078995,1.4285714285714288,5.837707829046055,102.61181288898085,Airborne Magnetic,41021.96161859772,41009.40913640047,-6.265166863798618,41000.0,-2.8168293767153454,0.09981872378880724,28.326604185309,607.855795011011,30.0,130.0,-0.30316365507583093,GOOD
SYN00234,L016,234,2026-01-15 00:58:30,30.05189468766397,31.029722021579904,2.8571428571428577,5.760310330700781,105.8666392003538,Airborne Magnetic,41041.09405560805,41012.90316747355,-5.315897054026016,41000.0,-2.8168293767153454,0.09981872378880724,46.509771385866365,615.6928076580316,30.0,130.0,-0.25979197501771634,GOOD
SYN00235,L016,235,2026-01-15 00:58:45,30.051921692131604,31.044583032369854,4.2857142857142865,5.7633078266078135,108.12627337001017,Airborne Magnetic,41050.217494409626,41016.47759354089,-4.334770762398841,41000.0,-2.8168293767153454,0.09981872378880724,54.652083895812716,621.2945558804312,30.0,130.0,-0.2135549063946603,GOOD
SYN00236,L016,236,2026-01-15 00:59:00,30.05138362272992,31.059444043159807,5.714285714285715,5.703582123020979,109.99834747524791,Airborne Magnetic,41048.366373204975,41019.98929640874,-3.327554342052429,41000.0,-2.8168293767153454,0.09981872378880724,51.79374627081739,624.8468936208297,30.0,130.0,-0.16496242326455995,GOOD
SYN00237,L016,237,2026-01-15 00:59:15,30.052098802228727,31.074305053949757,7.142857142857142,5.78296704738873,111.09044278892844,Airborne Magnetic,41027.86936463767,41023.64010990453,-2.300241975482077,41000.0,-2.8168293767153454,0.09981872378880724,30.269425336944145,625.7453512015162,30.0,130.0,-0.11455047884726988,GOOD
SYN00238,L016,238,2026-01-15 00:59:30,30.051774568538164,31.08916606473971,8.571428571428573,5.746977107736143,112.37825796688023,Airborne Magnetic,41024.7847757692,41027.17554853631,-1.2590036750741116,41000.0,-2.8168293767153454,0.09981872378880724,26.143598168065687,624.990064553809,30.0,130.0,-0.06287509420179455,GOOD
SYN00239,L016,239,2026-01-15 00:59:45,30.05196663159564,31.10402707552966,10.0,5.768296107115883,113.61654913718085,Airborne Magnetic,41026.13352758967,41030.76829610712,-0.21013147074114635,41000.0,-2.8168293767153454,0.09981872378880724,26.44347778419938,622.5936312987402,30.0,130.0,-0.010506225564238228,GOOD
SYN00240,L017,240,2026-01-15 01:00:00,30.06132460209037,30.89597292447034,-10.0,6.80703083203119,84.395614968681,Airborne Magnetic,40977.91331436042,40981.80703083203,0.8400156611043592,41000.0,-3.9363541739430423,-1.0461357349504152,-23.972837035633322,575.4185328071217,30.0,132.5,0.04197852201295975,GOOD
SYN00241,L017,241,2026-01-15 01:00:15,30.061606619468357,30.91083393526029,-8.571428571428571,6.838334760987792,83.42936915001748,Airborne Magnetic,40982.79968887708,40985.40976333241,1.8850675593633008,41000.0,-3.9363541739430423,-1.0461357349504152,-20.131514417234914,570.8175625630887,30.0,132.5,0.09400026538480889,GOOD
SYN00242,L017,242,2026-01-15 01:00:30,30.06100717231985,30.925694946050243,-7.142857142857142,6.771796127503628,82.3785904460315,Airborne Magnetic,40984.588861135075,40988.91465327036,2.918698755486009,41000.0,-3.9363541739430423,-1.0461357349504152,-19.37597335536154,567.7236820334437,30.0,132.5,0.1449852281343285,GOOD
SYN00243,L017,243,2026-01-15 01:00:45,30.061111923003082,30.940555956840193,-5.714285714285714,6.783423453342254,87.24009519636371,Airborne Magnetic,40990.336049648125,40992.49770916763,3.934683889516913,41000.0,-3.9363541739430423,-1.0461357349504152,-14.64476997633935,572.3915490507818,30.0,132.5,0.19437106906819843,GOOD
SYN00244,L017,244,2026-01-15 01:01:00,30.062407884212963,30.955416967630146,-4.285714285714286,6.927275147639025,89.30738021902759,Airborne Magnetic,40995.33225202814,40996.212989433356,4.926952093332371,41000.0,-3.9363541739430423,-1.0461357349504152,-10.640835800137186,576.1390977086065,30.0,132.5,0.24161308458703973,GOOD
SYN00245,L017,245,2026-01-15 01:01:15,30.061176651891053,30.970277978420096,-2.8571428571428568,6.7906083599069325,90.68971401001146,Airborne Magnetic,41007.17398499415,40999.64775121705,5.889639780650837,41000.0,-3.9363541739430423,-1.0461357349504152,0.2382094785480393,580.8635455523337,30.0,132.5,0.2861902165209715,GOOD
SYN00246,L017,246,2026-01-15 01:01:30,30.061245349910088,30.98513898921005,-1.4285714285714288,6.798233840019709,93.38097814577154,Airborne Magnetic,41011.14657320191,41003.22680526859,6.817141300661495,41000.0,-3.9363541739430423,-1.0461357349504152,3.283296166298921,588.1369960237414,30.0,132.5,0.3276107991667222,GOOD
SYN00247,L017,247,2026-01-15 01:01:45,30.062302538777395,31.0,0.0,6.915581804290746,99.71373948080145,Airborne Magnetic,41013.79612340332,41006.91558180429,7.704156935267405,41000.0,-3.9363541739430423,-1.0461357349504152,5.045830733104619,599.7137394808015,30.0,132.5,0.3654179821390625,GOOD
SYN00248,L017,248,2026-01-15 01:02:00,30.062687459008355,31.01486101078995,1.4285714285714288,6.9583079499275104,102.9378283818818,Airborne Magnetic,41024.61778476454,41010.529736521356,8.545737748717693,41000.0,-3.9363541739430423,-1.0461357349504152,15.025911280868993,608.181810503912,30.0,132.5,0.39919476922494845,GOOD
SYN00249,L017,249,2026-01-15 01:02:15,30.061218401783826,31.029722021579904,2.8571428571428577,6.79524259800488,103.37756466473205,Airborne Magnetic,41036.73806543436,41013.93809974086,9.33732683249459,41000.0,-3.9363541739430423,-1.0461357349504152,26.354602866913435,613.2037331224099,30.0,132.5,0.42856861766408205,GOOD
SYN00250,L017,250,2026-01-15 01:02:30,30.061507885629606,31.044583032369854,4.2857142857142865,6.827375304886373,109.28455452310043,Airborne Magnetic,41041.60792868049,41017.54166101917,10.074796527350692,41000.0,-3.9363541739430423,-1.0461357349504152,30.48699641819078,622.4528370335214,30.0,132.5,0.4532155471278936,GOOD
SYN00251,L017,251,2026-01-15 01:02:45,30.0617636710378,31.059444043159807,5.714285714285715,6.855767485195514,112.35650736811743,Airborne Magnetic,41043.847149914574,41021.141481770916,10.754481247931643,41000.0,-3.9363541739430423,-1.0461357349504152,32.04653293169215,627.2050535136993,30.0,132.5,0.47286371307676145,GOOD
SYN00252,L017,252,2026-01-15 01:03:00,30.06226354206247,31.074305053949757,7.142857142857142,6.911253168934118,111.55433956684601,Airborne Magnetic,41037.59818393141,41024.76839602608,11.373205582990408,41000.0,-3.9363541739430423,-1.0461357349504152,25.17884261347174,626.2092479794338,30.0,132.5,0.48729640508293526,GOOD
SYN00253,L017,253,2026-01-15 01:03:15,30.061284963783972,31.08916606473971,8.571428571428573,6.802630980020765,114.32440860456002,Airborne Magnetic,41038.65596105445,41028.23120240859,11.928307395281756,41000.0,-3.9363541739430423,-1.0461357349504152,25.681517924216703,626.9362151914888,30.0,132.5,0.496354437049027,GOOD
SYN00254,L017,254,2026-01-15 01:03:30,30.061552199543424,31.10402707552966,10.0,6.83229414932021,110.63546532152857,Airborne Magnetic,41037.34020738997,41031.83229414932,12.417655699255427,41000.0,-3.9363541739430423,-1.0461357349504152,23.876415955766813,619.612547483088,30.0,132.5,0.4999379029590222,GOOD
SYN00255,L018,255,2026-01-15 01:03:45,30.071403876983315,30.89597292447034,-10.0,7.925830345147734,86.17563700908661,Airborne Magnetic,40989.238786899456,40982.92583034515,12.839663151054246,41000.0,-4.854101966249684,1.4843759018922795,-22.116500349707124,577.1985548475272,30.0,135.0,0.49800727879667434,GOOD
SYN00256,L018,256,2026-01-15 01:04:00,30.07128042779355,30.91083393526029,-8.571428571428571,7.9121274850839285,85.6082264582128,Airborne Magnetic,40995.149002693746,40986.48355605651,13.193293043448408,41000.0,-4.854101966249684,1.4843759018922795,-16.559914447810073,572.996419871284,30.0,135.0,0.49058385847761565,GOOD
SYN00257,L018,257,2026-01-15 01:04:15,30.0709882035969,30.925694946050243,-7.142857142857142,7.87969059925606,83.1830474379345,Airborne Magnetic,40999.45041827198,40990.02254774211,13.47806075756274,41000.0,-4.854101966249684,1.4843759018922795,-12.543266583684227,568.5281390253467,30.0,135.0,0.47774951898705154,GOOD
SYN00258,L018,258,2026-01-15 01:04:30,30.071075530842563,30.940555956840193,-5.714285714285714,7.889383923524622,85.94544264996544,Airborne Magnetic,41003.360594520454,40993.60366963781,13.69402968293013,41000.0,-4.854101966249684,1.4843759018922795,-8.849059260580317,571.0968965043836,30.0,135.0,0.45964581731346216,GOOD
SYN00259,L018,259,2026-01-15 01:04:45,30.07062829738532,30.955416967630146,-4.285714285714286,7.8397410097704645,82.82621777039965,Airborne Magnetic,41003.2229469093,40997.125455295485,13.841801676877669,41000.0,-4.854101966249684,1.4843759018922795,-9.134478865685152,569.6579352599787,30.0,135.0,0.4364724291387276,GOOD
SYN00260,L018,260,2026-01-15 01:05:00,30.071037926958073,30.970277978420096,-2.8571428571428568,7.8852098923462774,88.47739499783697,Airborne Magnetic,41011.76151294892,41000.74235274949,13.92250219287027,41000.0,-4.854101966249684,1.4843759018922795,-0.6766133420596376,578.6512265401592,30.0,135.0,0.40848494650522055,GOOD
SYN00261,L018,261,2026-01-15 01:05:15,30.071027759842387,30.98513898921005,-1.4285714285714288,7.884081342504905,93.88208309429967,Airborne Magnetic,41012.09754272368,41004.31265277108,13.93776026455799,41000.0,-4.854101966249684,1.4843759018922795,-0.3558416389850678,588.6381009722695,30.0,135.0,0.37599205875060854,GOOD
SYN00262,L018,262,2026-01-15 01:05:30,30.07120742015937,31.0,0.0,7.904023637690314,96.27492922960822,Airborne Magnetic,41020.13628724241,41007.90402363769,13.889683587271984,41000.0,-4.854101966249684,1.4843759018922795,7.730979557026375,596.2749292296082,30.0,135.0,0.33935214780338513,GOOD
SYN00263,L018,263,2026-01-15 01:05:45,30.07092363741759,31.01486101078995,1.4285714285714288,7.872523753352503,103.80783101148592,Airborne Magnetic,41025.25260773692,41011.44395232478,13.780828990988871,41000.0,-4.854101966249684,1.4843759018922795,12.95615464782263,609.051813133516,30.0,135.0,0.29896933539148995,GOOD
SYN00264,L018,264,2026-01-15 01:06:00,30.07129367912619,31.029722021579904,2.8571428571428577,7.913598383007069,110.04474108805769,Airborne Magnetic,41028.97106556925,41015.05645552586,13.614168647762032,41000.0,-4.854101966249684,1.4843759018922795,16.841272823375263,619.8709095457355,30.0,135.0,0.25528902576151924,GOOD
SYN00265,L018,265,2026-01-15 01:06:15,30.071488697971333,31.044583032369854,4.2857142857142865,7.935245474818057,106.84571156222428,Airborne Magnetic,41035.59092042975,41018.6495311891,13.393052401766312,41000.0,-4.854101966249684,1.4843759018922795,23.68224392987854,620.0139940726453,30.0,135.0,0.20879299307034838,GOOD
SYN00266,L018,266,2026-01-15 01:06:30,30.071179765902812,31.059444043159807,5.714285714285715,7.900954015212003,109.948471629795,Airborne Magnetic,41038.242626563624,41022.18666830093,13.12116665092682,41000.0,-4.854101966249684,1.4843759018922795,26.60583581459018,624.7970177753768,30.0,135.0,0.15999406763299906,GOOD
SYN00267,L018,267,2026-01-15 01:06:45,30.071250514400372,31.074305053949757,7.142857142857142,7.9088070984412315,113.62511509053996,Airborne Magnetic,41038.44728665908,41025.76594995559,12.80249024515827,41000.0,-4.854101966249684,1.4843759018922795,27.129172315814728,628.2800235031278,30.0,135.0,0.10943047963506523,GOOD
SYN00268,L018,268,2026-01-15 01:07:00,30.07114291041449,31.08916606473971,8.571428571428573,7.896863056008378,116.94810770068685,Airborne Magnetic,41037.69997396318,41029.32543448458,12.441247897136101,41000.0,-4.854101966249684,1.4843759018922795,26.74310196793617,629.5599142876156,30.0,135.0,0.05765992269599689,GOOD
SYN00269,L018,269,2026-01-15 01:07:15,30.071123785746206,31.10402707552966,10.0,7.89474021782892,110.88787245326257,Airborne Magnetic,41043.67580597862,41032.89474021783,12.04186162691962,41000.0,-4.854101966249684,1.4843759018922795,33.11832025359858,619.864954614822,30.0,135.0,0.005253402759467774,GOOD
SYN00270,L019,270,2026-01-15 01:07:30,30.080346901799196,30.89597292447034,-10.0,8.918506099710916,83.8028019027635,Airborne Magnetic,40992.21595810511,40983.91850609971,11.608900781375715,41000.0,-5.523029120714641,-1.7674554346722984,-21.16039811094204,574.8257197412041,30.0,137.5,-0.04721105984520181,GOOD
SYN00271,L019,271,2026-01-15 01:07:45,30.080720974698373,30.91083393526029,-8.571428571428571,8.960028191519562,86.54534404843302,Airborne Magnetic,40992.59207946218,40987.53145676295,11.14703118299874,41000.0,-5.523029120714641,-1.7674554346722984,-20.3224071554924,573.9335374615042,30.0,137.5,-0.09915480570713914,GOOD
SYN00272,L019,272,2026-01-15 01:08:00,30.08057186447852,30.925694946050243,-7.142857142857142,8.94347695711609,80.1718065386099,Airborne Magnetic,40997.8708659605,40991.08633409997,10.660963970243147,41000.0,-5.523029120714641,-1.7674554346722984,-14.557553444412475,565.516898126022,30.0,137.5,-0.15000491868679494,GOOD
SYN00273,L019,273,2026-01-15 01:08:15,30.081361217598285,30.940555956840193,-5.714285714285714,9.031095153409854,82.42805331461858,Airborne Magnetic,41003.62278839849,40994.745380867695,10.1554046928029,41000.0,-5.523029120714641,-1.7674554346722984,-8.300071728981562,567.5795071690368,30.0,137.5,-0.19920054492312156,GOOD
SYN00274,L019,274,2026-01-15 01:08:30,30.081173897451816,30.955416967630146,-4.285714285714286,9.01030261715164,86.5647361676015,Airborne Magnetic,41006.713967203,40998.29601690287,9.635003220377275,41000.0,-5.523029120714641,-1.7674554346722984,-4.688491452047016,573.3964536571805,30.0,137.5,-0.24619907879924768,GOOD
SYN00275,L019,275,2026-01-15 01:08:45,30.080745966514908,30.970277978420096,-2.8571428571428568,8.96280228315489,89.53339501449508,Airborne Magnetic,41002.73057343989,41001.8199451403,9.10430501241562,41000.0,-5.523029120714641,-1.7674554346722984,-8.141187007195255,579.7072265568173,30.0,137.5,-0.2904821476382311,CHECK_OUTLIER
SYN00276,L019,276,2026-01-15 01:09:00,30.080331947141126,30.98513898921005,-1.4285714285714288,8.916846132664839,95.88829055207923,Airborne Magnetic,41006.51714843299,41005.345417561235,8.5677042792618,41000.0,-5.523029120714641,-1.7674554346722984,-3.818011280940551,590.644308430049,30.0,137.5,-0.33156132912039726,GOOD
SYN00277,L019,277,2026-01-15 01:09:15,30.080206053713272,31.0,0.0,8.902871962173293,98.70274504720702,Airborne Magnetic,41015.32582541721,41008.90287196217,8.029399542216822,41000.0,-5.523029120714641,-1.7674554346722984,5.528970440320267,598.702745047207,30.0,137.5,-0.36898353836170195,GOOD
SYN00278,L019,278,2026-01-15 01:09:30,30.081036163416,31.01486101078995,1.4285714285714288,8.995014139176185,98.6046158497756,Airborne Magnetic,41013.77590887497,41012.5664427106,7.493352071562226,41000.0,-5.523029120714641,-1.7674554346722984,4.515101368737236,603.8485979718058,30.0,137.5,-0.4023360252360968,GOOD
SYN00279,L019,279,2026-01-15 01:09:45,30.080701607117643,31.029722021579904,2.8571428571428577,8.957878390058516,106.87211283095304,Airborne Magnetic,41017.45647262091,41016.10073553291,6.96324764785934,41000.0,-5.523029120714641,-1.7674554346722984,8.725769538375902,616.6982812886308,30.0,137.5,-0.4312509268236602,GOOD
SYN00280,L019,280,2026-01-15 01:10:00,30.080779947362057,31.044583032369854,4.2857142857142865,8.966574157188294,107.83759748989753,Airborne Magnetic,41022.70051304935,41019.68085987147,6.442462053235385,41000.0,-5.523029120714641,-1.7674554346722984,14.490595561439408,621.0058800003186,30.0,137.5,-0.45540932477304663,GOOD
SYN00281,L019,281,2026-01-15 01:10:15,30.07997824307724,31.059444043159807,5.714285714285715,8.877584981573662,113.97696667857552,Airborne Magnetic,41027.10181559715,41023.16329926729,5.934030656319489,41000.0,-5.523029120714641,-1.7674554346722984,19.400329506157433,628.8255128241574,30.0,137.5,-0.4745447628273732,GOOD
SYN00282,L019,282,2026-01-15 01:10:30,30.08094113477761,31.074305053949757,7.142857142857142,8.984465960314957,111.68391150867151,Airborne Magnetic,41027.66273440644,41026.841608817456,5.440622407479502,41000.0,-5.523029120714641,-1.7674554346722984,20.454656564290346,626.3388199212593,30.0,137.5,-0.48844618571681364,GOOD
SYN00283,L019,283,2026-01-15 01:10:45,30.08077067778902,31.08916606473971,8.571428571428573,8.965545234581205,112.23890840176857,Airborne Magnetic,41028.77678112877,41030.394116663156,4.964518510557481,41000.0,-5.523029120714641,-1.7674554346722984,22.044807183543455,624.8507149886973,30.0,137.5,-0.49696026700323964,GOOD
SYN00284,L019,284,2026-01-15 01:11:00,30.080206767510596,31.10402707552966,10.0,8.902951193676051,114.21324210478203,Airborne Magnetic,41031.49078402825,41033.902951193675,4.507595983969768,41000.0,-5.523029120714641,-1.7674554346722984,25.215732609607514,623.1903242663413,30.0,137.5,-0.49999310020182824,GOOD
SYN00285,L020,285,2026-01-15 01:11:15,30.089920171240557,30.89597292447034,-10.0,9.981139007702001,84.61805604122529,Airborne Magnetic,40981.57996231878,40984.9811390077,4.071316268419512,41000.0,-5.908846518073248,1.173525513626492,-21.317828436014562,575.6409738796659,30.0,140.0,-0.49751123452732715,GOOD
SYN00286,L020,286,2026-01-15 01:11:30,30.090185123316886,30.91083393526029,-8.571428571428571,10.01054868817426,83.58884097534826,Airborne Magnetic,40984.39924395163,40988.5819772596,3.656718981183334,41000.0,-5.908846518073248,1.173525513626492,-18.08394951592697,570.9770343884195,30.0,140.0,-0.48954204384116123,GOOD
SYN00287,L020,287,2026-01-15 01:11:45,30.090108997044453,30.925694946050243,-7.142857142857142,10.00209867193425,79.89240585723518,Airborne Magnetic,40994.50892999668,40992.14495581479,3.264420858616255,41000.0,-5.908846518073248,1.173525513626492,-7.581965348308467,565.2374974446474,30.0,140.0,-0.4761734247300613,GOOD
SYN00288,L020,288,2026-01-15 01:12:00,30.089984803176286,30.940555956840193,-5.714285714285714,9.988313152567859,85.87481700833516,Airborne Magnetic,40993.34148966036,40995.702598866854,2.894619869816942,41000.0,-5.908846518073248,1.173525513626492,-8.379604695834013,571.0262708627533,30.0,140.0,-0.4575528270462684,GOOD
SYN00289,L020,289,2026-01-15 01:12:15,30.090052797020515,30.955416967630146,-4.285714285714286,9.995860469277362,85.14622170674923,Airborne Magnetic,40997.86709616799,40999.281574755,2.547104425961244,41000.0,-5.908846518073248,1.173525513626492,-3.5064827443455844,571.9779391963282,30.0,140.0,-0.4338856276020261,GOOD
SYN00290,L020,290,2026-01-15 01:12:30,30.089999287431276,30.970277978420096,-2.8571428571428568,9.989920904871724,90.83970033903907,Airborne Magnetic,40998.09292609547,41002.84706376202,2.2212675522927725,41000.0,-5.908846518073248,1.173525513626492,-2.9548159431905052,581.0135318813612,30.0,140.0,-0.4054328649557699,GOOD
SYN00291,L020,291,2026-01-15 01:12:45,30.090145067571928,30.98513898921005,-1.4285714285714288,10.006102500484099,91.19776783220996,Airborne Magnetic,41002.07581786926,41006.434673929056,1.9161258337948088,41000.0,-5.908846518073248,1.173525513626492,1.3332175490978722,585.9537857101798,30.0,140.0,-0.3725083602743084,GOOD
SYN00292,L020,292,2026-01-15 01:13:00,30.090620357467746,31.0,0.0,10.058859678919726,98.88087235930219,Airborne Magnetic,41004.37151601744,41010.05885967892,1.6303428917771683,41000.0,-5.908846518073248,1.173525513626492,3.9146986392917196,598.8808723593022,30.0,140.0,-0.3354752560265889,GOOD
SYN00293,L020,293,2026-01-15 01:13:15,30.089165168129394,31.01486101078995,1.4285714285714288,9.897333662362747,100.3608782558078,Airborne Magnetic,41003.61700253961,41013.46876223379,1.3622570975920576,41000.0,-5.908846518073248,1.173525513626492,3.4282709556465587,605.604860377838,30.0,140.0,-0.2947420106856972,GOOD
SYN00294,L020,294,2026-01-15 01:13:30,30.09000473864342,31.029722021579904,2.8571428571428577,9.990525989419613,103.06949320475816,Airborne Magnetic,41010.097485900595,41017.13338313228,1.1099131820099406,41000.0,-5.908846518073248,1.173525513626492,10.1610982322128,612.8956616624359,30.0,140.0,-0.2507578936157267,GOOD
SYN00295,L020,295,2026-01-15 01:13:45,30.090153698169864,31.044583032369854,4.2857142857142865,10.007060496854898,110.21221826964032,Airborne Magnetic,41012.58362719344,41020.72134621114,0.8710973549683012,41000.0,-5.908846518073248,1.173525513626492,12.886055352097292,623.3805007800613,30.0,140.0,-0.20400802983288596,GOOD
SYN00296,L020,296,2026-01-15 01:14:00,30.090196754590878,31.059444043159807,5.714285714285715,10.011839759587485,111.68451033244379,Airborne Magnetic,41014.74042093964,41024.297554045304,0.6433755109388533,41000.0,-5.908846518073248,1.173525513626492,15.270570942328169,626.5330564780256,30.0,140.0,-0.15500804929490092,GOOD
SYN00297,L020,297,2026-01-15 01:14:15,30.089956066817543,31.074305053949757,7.142857142857142,9.985123416747149,111.51100148747314,Airborne Magnetic,41020.06101154719,41027.84226627389,0.4241340604793479,41000.0,-5.908846518073248,1.173525513626492,20.810403000341584,626.1659099000609,30.0,140.0,-0.10429839973464063,GOOD
SYN00298,L020,298,2026-01-15 01:14:30,30.089457037195505,31.08916606473971,8.571428571428573,9.929731128700857,116.22165948719125,Airborne Magnetic,41028.681387028635,41031.35830255727,0.21062289902915055,41000.0,-5.908846518073248,1.173525513626492,29.644289643230994,628.83346607412,30.0,140.0,-0.05243838576485246,GOOD
SYN00299,L020,299,2026-01-15 01:14:45,30.090208286660797,31.10402707552966,10.0,10.013119819348564,112.02764031489899,Airborne Magnetic,41029.02795157539,41035.01311981935,2.449293598294707e-15,41000.0,-5.908846518073248,1.173525513626492,30.201477089012887,621.0047224764584,30.0,140.0,-6.123233995736766e-16,GOOD
